#,Player,Team,GP,MPG,FGM,FGA,FG%,3PM,3PA,3P%,FTM,FTA,FT%,TOV,PF,ORB,DRB,RPG,APG,SPG,BPG,PPG
1,Trae Young,ATL,54,34.2,7.6,17.8,0.429,2.3,6.4,0.357,7.7,8.8,0.874,4.2,1.9,0.6,3.3,3.9,9.6,0.9,0.2,25.3
2,John Collins,ATL,52,30,7,12.7,0.548,1.2,3.3,0.376,2.7,3.2,0.833,1.3,3.2,2.1,5.6,7.7,1.4,0.5,1,17.9
3,De'Andre Hunter,ATL,20,31.2,5.6,11.2,0.502,1.6,4.3,0.356,3.2,3.8,0.867,1.4,2.6,0.8,4.3,5.1,2.1,0.9,0.5,16
4,Clint Capela,ATL,53,30.6,6.7,11.2,0.601,0,0,0,2.1,3.6,0.583,1.2,2.3,4.8,9.8,14.7,0.8,0.7,2.2,15.5
5,Bogdan Bogdanovic,ATL,36,28.8,5.6,12.2,0.46,3,7.1,0.424,0.9,1,0.892,1.2,2.2,0.5,3.2,3.6,3.2,1,0.2,15.2
6,Danilo Gallinari,ATL,41,23.9,4,9.5,0.425,2.1,5.2,0.407,3.3,3.6,0.938,0.9,2.1,0.3,3.8,4,1.4,0.5,0.2,13.5
7,Lou Williams,ATL,14,23.6,4.4,10.8,0.411,1.3,2.9,0.45,2.1,2.4,0.882,1.9,1,0.2,1.4,1.6,3.4,0.5,0.1,12.3
8,Kevin Huerter,ATL,61,31.4,4.7,10.8,0.438,2.1,5.7,0.367,0.8,1,0.783,1.2,2.4,0.6,2.8,3.3,3.6,1.2,0.2,12.3
9,Cam Reddish,ATL,26,28.9,3.7,10.1,0.365,1.3,4.8,0.262,2.6,3.2,0.817,1.3,2.6,0.8,3.2,4,1.3,1.3,0.3,11.2
10,Tony Snell,ATL,40,21,1.9,3.7,0.517,1.4,2.5,0.571,0.3,0.3,1,0.5,1.6,0.4,2,2.4,1.3,0.2,0.2,5.5
11,Brandon Goodwin,ATL,42,12.9,1.8,4.5,0.393,0.7,2.1,0.333,0.6,1,0.659,0.7,0.8,0.2,1.3,1.5,1.9,0.3,0,4.9
12,Solomon Hill,ATL,60,21.4,1.6,4.4,0.365,1,3.2,0.325,0.4,0.6,0.735,0.6,1.7,0.6,2.3,2.9,1,0.7,0.2,4.7
13,Rajon Rondo,ATL,27,14.9,1.6,4.1,0.4,0.6,1.7,0.378,0,0.1,0.5,1.4,0.9,0.1,1.9,2,3.5,0.7,0.1,3.9
14,Onyeka Okongwu,ATL,39,11.2,1.6,2.6,0.598,0,0.1,0,0.7,1.2,0.622,0.5,2,1.1,1.9,3,0.2,0.4,0.6,3.8
15,Nathan Knight,ATL,27,8.3,1.1,2.9,0.372,0.2,0.9,0.2,1.2,1.5,0.805,0.6,0.7,0.8,1.2,2,0.2,0.3,0.3,3.6
16,Skylar Mays,ATL,27,7.4,1,2.6,0.394,0.4,1.1,0.345,0.8,0.9,0.88,0.3,0.5,0.3,0.6,1,0.8,0.4,0,3.3
17,Bruno Fernando,ATL,27,6.7,0.4,1,0.429,0,0.1,0,0.4,0.7,0.667,0.7,0.7,0.5,1.9,2.4,0.3,0.1,0.1,1.3
1,Jayson Tatum,BOS,55,35.6,9.2,20.3,0.453,2.9,7.5,0.383,4.3,5,0.869,2.7,1.8,0.7,6.7,7.4,4.3,1.2,0.4,25.7
2,Jaylen Brown,BOS,54,34.2,9.3,18.8,0.493,2.7,6.8,0.402,3.2,4.2,0.757,2.7,2.9,1.2,4.6,5.8,3.4,1.2,0.5,24.4
3,Kemba Walker,BOS,39,31.5,6.3,15.3,0.409,2.8,8.1,0.348,2.9,3.1,0.918,2.1,1.4,0.3,3.6,3.9,5,1.1,0.3,18.2
4,Marcus Smart,BOS,41,32.6,4.4,10.6,0.411,2,5.9,0.347,2.9,3.6,0.796,1.8,2.5,0.8,2.7,3.4,5.5,1.5,0.5,13.6
5,Daniel Theis,BOS,42,24.4,3.8,6.9,0.552,0.8,2.3,0.347,1.1,1.6,0.687,1,2.9,1.3,4,5.2,1.6,0.6,1,9.5
6,Robert Williams,BOS,47,18.9,3.7,5.1,0.72,0,0,0,0.9,1.4,0.646,1,2.1,2.6,4.4,7,1.8,0.8,1.8,8.2
7,Evan Fournier,BOS,6,26.1,2.7,8,0.333,1.8,4.7,0.393,0.8,1,0.833,1.2,2.2,0.2,1.8,2,2.2,1,0.7,8
8,Tristan Thompson,BOS,46,23.3,3.2,6.1,0.53,0,0.1,0,1.4,2.3,0.613,1.1,2.1,3,5,8.1,1.1,0.4,0.5,7.9
9,Payton Pritchard,BOS,55,19.1,2.7,6,0.45,1.4,3.4,0.419,0.5,0.6,0.906,0.8,1.6,0.5,1.7,2.3,1.8,0.5,0.2,7.3
10,Jeff Teague,BOS,34,18.1,2.3,5.5,0.415,0.8,1.6,0.464,1.5,1.8,0.836,1.1,1.3,0.3,1.4,1.7,2.1,0.8,0.2,6.9
11,Jabari Parker,BOS,5,14.3,2.8,5.2,0.538,0,0.8,0,0.6,0.8,0.75,0.8,0.6,1.2,2.4,3.6,1.2,0.2,0.6,6.2
12,Semi Ojeleye,BOS,50,17.5,1.6,4,0.4,1.1,2.9,0.386,0.5,0.6,0.75,0.4,1.1,0.5,2.1,2.6,0.7,0.3,0,4.8
13,Grant Williams,BOS,53,18.7,1.6,3.8,0.426,0.8,2.1,0.373,0.4,0.8,0.55,0.9,2.6,0.8,2.1,2.9,1,0.6,0.4,4.4
14,Javonte Green,BOS,25,13.8,1.6,2.8,0.549,0.3,0.9,0.318,0.8,1.2,0.667,0.5,1.3,0.8,1.3,2.1,0.4,0.7,0.1,4.2
15,Carsen Edwards,BOS,25,8.5,1.6,3.4,0.453,0.5,1.8,0.283,0.3,0.4,0.778,0.2,0.9,0.1,0.8,0.9,0.4,0.2,0,3.9
16,Luke Kornet,BOS,11,11.9,1.5,3.5,0.421,0.6,2.1,0.304,0.1,0.2,0.5,0.2,0.9,0.5,1.9,2.5,0.9,0,1,3.6
17,Aaron Nesmith,BOS,35,12.6,1.1,3.1,0.374,0.7,2.2,0.342,0.4,0.5,0.722,0.5,1.4,0.5,1.8,2.2,0.4,0.3,0.2,3.4
18,Tremont Waters,BOS,18,7.1,0.8,2.3,0.366,0.4,1,0.389,0.7,0.8,0.929,0.8,0.4,0.2,0.4,0.6,2,0.6,0,2.8
19,Tacko Fall,BOS,15,6.7,1.2,1.6,0.75,0,0,0,0.3,0.9,0.308,0.3,1.1,0.7,1.8,2.5,0.1,0.1,0.8,2.7
20,Romeo Langford,BOS,12,15.1,0.8,2.8,0.294,0.3,1,0.333,0.2,0.2,1,0.6,1.2,0.8,1.2,2.1,0.7,0.3,0.2,2.2
21,Moe Wagner,BOS,9,6.8,0.4,1.6,0.286,0.2,0.7,0.333,0.1,0.2,0.5,1,1.1,0.3,1.8,2.1,0.7,0,0.1,1.2
1,Kevin Durant,BRK,25,32.5,9.4,17.3,0.544,2.5,5.4,0.467,6.2,7.1,0.87,3.6,2,0.4,6.3,6.7,5.2,0.6,1.3,27.5
2,Kyrie Irving,BRK,45,35.2,10.3,20.4,0.507,2.7,6.9,0.39,4,4.3,0.923,2.5,2.6,1,3.9,5,6.5,1.3,0.6,27.3
3,James Harden,BRK,34,37.3,8.1,17.3,0.467,2.7,7.5,0.361,6.5,7.5,0.867,4.1,2.4,0.9,7.8,8.7,11,1.3,0.7,25.4
4,Caris LeVert,BRK,12,27.8,7.2,16.7,0.435,1.8,5.2,0.349,2.2,2.8,0.765,2.2,1.7,0.8,3.5,4.3,6,1.1,0.5,18.5
5,Joe Harris,BRK,61,30.9,5.3,10.3,0.513,3.1,6.5,0.482,0.8,1,0.78,0.8,2,0.6,2.9,3.6,1.9,0.7,0.2,14.4
6,LaMarcus Aldridge,BRK,5,26.1,5,9.6,0.521,0.8,1,0.8,2,2,1,1.4,2.2,0.4,4.4,4.8,2.6,0.6,2.2,12.8
7,Jarrett Allen,BRK,12,26.6,3.7,5.4,0.677,0,0,0,3.8,5.1,0.754,1.8,1.8,3.2,7.2,10.4,1.7,0.6,1.6,11.2
8,Jeff Green,BRK,57,27,3.6,7.7,0.475,1.4,3.5,0.386,1.7,2.2,0.78,0.8,1.8,0.5,3.3,3.7,1.6,0.6,0.4,10.4
9,Blake Griffin,BRK,15,21,3.2,6.5,0.49,1,2.7,0.366,1.9,2.5,0.763,1.3,2.6,0.9,3.7,4.6,2.5,0.8,0.5,9.3
10,Landry Shamet,BRK,50,22,3.1,7.4,0.411,2.1,5.4,0.391,1.1,1.3,0.857,0.8,1.5,0.2,1.6,1.8,1.5,0.5,0.1,9.3
11,"Bruce Brown, Jr.",BRK,57,22.3,3.6,6.5,0.546,0.3,1,0.291,1.4,1.9,0.736,0.9,2.3,1.7,3.5,5.2,1.6,0.9,0.4,8.8
12,Taurean Prince,BRK,12,18.1,2.5,6.2,0.405,1.1,3.1,0.351,2,2.2,0.889,0.9,1.8,0.2,2.7,2.8,0.6,0.7,0.7,8.1
13,DeAndre Jordan,BRK,53,22.3,3.5,4.4,0.779,0,0,0,0.8,1.5,0.506,1.5,2.1,2,5.5,7.5,1.7,0.3,1.2,7.7
14,Spencer Dinwiddie,BRK,3,21.4,2,5.3,0.375,0.7,2.3,0.286,2,2,1,1.7,1.3,0,4.3,4.3,3,0.7,0.3,6.7
15,Timothe Luwawu-Cabarrot,BRK,53,19,2.3,6.4,0.361,1.4,4.3,0.314,0.6,0.8,0.8,0.8,1.8,0.5,1.9,2.4,1.2,0.6,0.1,6.6
16,Nicolas Claxton,BRK,25,18.5,2.8,4.8,0.583,0,0.2,0.2,0.9,1.8,0.5,0.6,2.1,1.4,3.6,5,1.1,0.8,1.2,6.6
17,Tyler Johnson,BRK,32,16.8,1.8,4.6,0.401,1.2,3.3,0.381,0.5,0.6,0.842,0.4,1,0.2,1.7,1.9,1,0.4,0,5.4
18,Alize Johnson,BRK,12,10.6,2.5,4.1,0.612,0.1,0.4,0.2,0.2,0.2,1,0.7,0.8,1.5,3.1,4.6,0.8,0.3,0.2,5.3
19,Mike James,BRK,2,14,1.5,4.5,0.333,0.5,1,0.5,1.5,3,0.5,0.5,0,0.5,1,1.5,1.5,0.5,0,5
20,Chris Chiozza,BRK,22,10.6,1.4,4,0.352,0.6,1.9,0.31,0.6,0.8,0.765,0.7,0.9,0.1,1,1.1,3,0.3,0.3,4
21,Reggie Perry,BRK,21,9.5,1.5,3.5,0.419,0.2,1,0.2,0.5,0.6,0.769,0.7,1.7,1.1,2,3.1,0.7,0.3,0.3,3.6
22,Norvel Pelle,BRK,3,9.3,1,2.3,0.429,0,0,0,0,0,0,1,3,1,1.3,2.3,0,0,1,2
23,Andre Roberson,BRK,5,12.6,0.4,2.8,0.143,0.2,1.6,0.125,0.2,0.4,0.5,0.4,0.8,1.4,1.6,3,0.8,0.6,0.2,1.2
24,Iman Shumpert,BRK,2,5.5,0.5,2,0.25,0,1.5,0,0,0,0,0.5,0,0.5,0,0.5,0,0.5,0,1
25,Rodions Kurucs,BRK,5,3.2,0.2,0.6,0.333,0.2,0.4,0.5,0,0,0,0,0.2,0,0.6,0.6,0.4,0,0,0.6
26,Tyler Cook,BRK,4,4.1,0.2,0.8,0.333,0,0,0,0,0,0,0.2,0.5,0.2,0.2,0.5,0.5,0,0,0.5
27,Noah Vonleh,BRK,4,2.7,0,0.8,0,0,0.5,0,0,0,0,0.5,0.5,0,0.2,0.2,0.2,0,0,0
1,Terry Rozier,CHA,57,34,7.5,16.1,0.465,3.3,8.3,0.403,2.3,2.8,0.825,1.9,1.8,0.6,3.7,4.2,4.1,1.2,0.4,20.6
2,Gordon Hayward,CHA,44,34,7.1,15,0.473,1.9,4.7,0.415,3.5,4.2,0.843,2.1,1.7,0.8,5,5.9,4.1,1.2,0.3,19.6
3,LaMelo Ball,CHA,41,28.6,5.8,12.8,0.451,2,5.3,0.375,2.4,3,0.789,2.8,2.8,1.3,4.5,5.9,6.1,1.6,0.3,15.9
4,Devonte' Graham,CHA,48,29.9,4.5,12.1,0.373,3.1,8.5,0.37,2,2.5,0.824,1.5,1.4,0.4,2.2,2.6,5.4,0.9,0.1,14.2
5,Malik Monk,CHA,32,21.7,4.6,10.1,0.46,2.2,5.2,0.424,1.7,2,0.815,1.5,1.2,0.4,2.3,2.7,1.9,0.5,0.1,13.1
6,P.J. Washington,CHA,53,29.7,4.4,10.1,0.438,1.6,4.1,0.399,1.8,2.4,0.764,2.1,2.6,1.4,4.9,6.4,2.6,1,1.3,12.3
7,Miles Bridges,CHA,60,28.5,4.4,8.8,0.505,1.7,4.1,0.407,1.3,1.6,0.851,1.6,2.1,1.2,4.8,6,2.1,0.7,0.7,11.8
8,Cody Zeller,CHA,38,21,3.6,6.7,0.542,0.1,0.7,0.12,1.7,2.2,0.741,1.1,2.4,2.6,4.3,6.9,1.9,0.6,0.4,8.9
9,Brad Wanamaker,CHA,14,19,2.7,6.4,0.422,0.2,1.5,0.143,1.7,2,0.857,1.8,2,0.3,1.3,1.6,3.6,0.9,0.2,7.4
10,Jalen McDaniels,CHA,35,16.9,2.5,5.5,0.448,0.7,2.1,0.319,0.9,1.2,0.732,1,1.9,0.7,2.1,2.8,1,0.6,0.3,6.5
11,Bismack Biyombo,CHA,54,20.9,2.2,3.9,0.572,0,0,0,0.8,1.7,0.478,1,2.3,2.1,3.2,5.3,1.3,0.3,1.1,5.2
12,Caleb Martin,CHA,45,15.1,1.8,4.9,0.379,0.6,2.3,0.252,0.7,1.1,0.612,0.6,1.1,0.6,2.1,2.8,1.2,0.7,0.2,4.9
13,Cody Martin,CHA,48,15.9,1.6,3.5,0.453,0.3,1.1,0.275,0.5,0.8,0.615,0.7,0.9,0.9,2,2.9,1.6,0.6,0.2,4
14,Grant Riller,CHA,5,4.3,1.2,1.8,0.667,0.4,0.8,0.5,0,0,0,0.2,0,0,0,0,0.6,0.2,0,2.8
15,"Vernon Carey, Jr.",CHA,15,6.3,0.9,1.9,0.5,0.1,0.5,0.143,0.5,0.6,0.889,0.3,0.7,0.2,1.2,1.4,0.1,0.1,0.3,2.5
16,Nate Darling,CHA,6,4,0.3,1.2,0.286,0.3,1.2,0.286,0.5,0.5,1,0.2,0.2,0.2,0,0.2,0.2,0,0.2,1.5
17,Nick Richards,CHA,17,3.6,0.2,0.5,0.5,0,0.1,0,0.4,0.6,0.636,0.2,0.4,0.1,0.4,0.5,0.1,0,0,0.9
1,Zach LaVine,CHI,53,35.2,9.8,19.4,0.506,3.4,8.2,0.416,4.4,5.2,0.848,3.6,2.3,0.6,4.5,5.1,5.1,0.8,0.5,27.5
2,Nikola Vucevic,CHI,17,31.8,9.1,17.8,0.513,2.3,5.3,0.433,1.7,2,0.853,1.5,2.1,2.1,8.1,10.2,3.7,1,0.8,22.2
3,Coby White,CHI,57,30.7,5.3,12.8,0.417,2.1,6.2,0.347,1.9,2.1,0.917,2.2,2.5,0.4,3.7,4.1,4.5,0.6,0.2,14.8
4,Lauri Markkanen,CHI,40,26.8,5.2,10.8,0.479,2.4,6,0.397,1.6,2,0.835,1.1,1.5,0.7,4.6,5.3,0.9,0.5,0.3,14.4
5,Thaddeus Young,CHI,56,24,5.5,9.6,0.578,0.2,0.6,0.278,1,1.5,0.635,2,2.4,2.4,3.7,6.1,4.1,1.1,0.6,12.2
6,"Wendell Carter, Jr.",CHI,32,24.7,4,7.9,0.512,0.2,0.7,0.364,2.6,3.5,0.739,1.5,3,2.2,5.6,7.8,2.2,0.6,0.8,10.9
7,Otto Porter,CHI,25,21.6,3.6,8.1,0.441,1.5,3.8,0.4,1.2,1.5,0.838,1,1.5,1.1,4.4,5.5,2,0.5,0.2,9.9
8,Patrick Williams,CHI,59,28.2,3.6,7.5,0.482,0.8,2,0.381,1.2,1.6,0.755,1.4,1.9,0.9,3.8,4.7,1.4,0.9,0.6,9.2
9,Daniel Theis,CHI,15,23.3,3.7,7.2,0.509,0.6,2.6,0.231,1.1,1.8,0.63,1.1,1.8,1.4,3.5,4.9,1.9,0.5,0.6,9.1
10,Tomas Satoransky,CHI,48,23.3,2.9,5.8,0.507,0.8,2.1,0.379,1.2,1.3,0.889,1.7,1.6,0.5,1.9,2.4,4.9,0.8,0.2,7.9
11,Garrett Temple,CHI,44,26.8,2.9,7,0.415,1.2,3.7,0.337,0.8,0.9,0.825,1,2.2,0.5,2.3,2.8,2.2,0.8,0.5,7.8
12,Denzel Valentine,CHI,53,17.6,2.7,7,0.38,1.4,4.2,0.327,0.2,0.3,0.929,0.7,1.1,0.4,3,3.4,1.7,0.5,0.1,6.9
13,"Troy Brown, Jr.",CHI,13,18.2,2.2,4.2,0.527,0.6,1.8,0.333,0.4,0.5,0.833,0.4,1.5,0.7,2.7,3.4,0.8,0.5,0.2,5.5
14,Daniel Gafford,CHI,31,12.4,1.9,2.8,0.69,0,0,0,0.9,1.3,0.659,0.7,1.7,1.4,1.9,3.3,0.5,0.4,1.1,4.7
15,Ryan Arcidiacono,CHI,35,11,1.1,2.8,0.394,0.5,1.6,0.316,0.3,0.5,0.75,0.2,1.2,0.1,1.5,1.6,1.4,0.2,0,3.1
16,Luke Kornet,CHI,13,7.2,0.7,2.1,0.333,0.5,1.8,0.261,0.2,0.3,0.5,0.1,0.1,0.1,1.1,1.2,0.3,0.2,0.5,2
17,Chandler Hutchison,CHI,7,9.1,0.7,2.6,0.278,0.1,0.4,0.333,0.3,0.3,1,0.7,1.3,0.1,2.7,2.9,0.6,0.1,0,1.9
18,Adam Mokoka,CHI,11,4.7,0.6,1.5,0.412,0.1,0.8,0.111,0,0.1,0,0.3,0.5,0.1,0.4,0.5,0.5,0.2,0.1,1.4
19,Cristiano Felicio,CHI,13,4.4,0.3,0.5,0.571,0,0.1,0,0.5,0.8,0.6,0.3,0.5,0.5,0.6,1.1,0.6,0.2,0,1.1
20,Devon Dotson,CHI,6,3.6,0.5,1.2,0.429,0,0.2,0,0,0,0,0,0.2,0.3,0.2,0.5,0.3,0.2,0,1
21,Javonte Green,CHI,6,5.5,0.2,1.2,0.143,0,0.2,0,0.3,0.3,1,0.7,0.5,0.3,0.8,1.2,0.3,0.3,0.3,0.7
22,Al-Farouq Aminu,CHI,3,8,0,1,0,0,0.7,0,0.7,0.7,1,0.7,1,0,3,3,0.3,0,0,0.7
1,Collin Sexton,CLE,50,35.7,9,18.4,0.487,1.7,4.4,0.376,4.8,5.9,0.815,2.6,2.7,0.9,2.2,3,4.1,1.1,0.1,24.5
2,Darius Garland,CLE,50,33.7,6.8,15,0.454,2,4.9,0.411,2.1,2.5,0.847,3,2.2,0.5,2,2.5,6.1,1.2,0.1,17.8
3,Andre Drummond,CLE,25,28.9,7.2,15.2,0.474,0,0.3,0,3.1,5.2,0.597,3.2,2.8,4,9.4,13.5,2.6,1.6,1.2,17.5
4,Jarrett Allen,CLE,39,29.8,5.2,8.2,0.635,0.1,0.3,0.385,3.3,4.7,0.705,1.4,1.6,3,6.7,9.7,1.6,0.5,1.6,13.8
5,Kevin Love,CLE,17,23.1,4,9.9,0.402,2.1,6.2,0.343,1.6,2.1,0.778,1.4,0.9,0.7,5.7,6.4,2.2,0.5,0.1,11.8
6,Taurean Prince,CLE,29,23.7,3.5,8.7,0.399,1.7,4.1,0.415,1.4,1.7,0.837,1.2,1.9,0.6,3.1,3.7,2.4,0.7,0.5,10.1
7,Cedi Osman,CLE,50,24.3,3.5,9.5,0.366,1.6,5.3,0.305,1.1,1.5,0.75,1.1,1.9,0.6,2.7,3.3,2.6,0.9,0.2,9.7
8,Yogi Ferrell,CLE,2,20.2,4,10.5,0.381,1.5,4.5,0.333,0,1,0,1.5,2,1.5,2,3.5,2.5,1.5,0.5,9.5
9,"Larry Nance, Jr.",CLE,35,31.2,3.7,7.8,0.471,1.2,3.3,0.36,0.9,1.4,0.612,1.6,2.1,1.5,5.2,6.7,3.1,1.7,0.5,9.3
10,Isaiah Hartenstein,CLE,14,18.7,3.5,5.6,0.628,0.1,0.4,0.4,1.6,2.4,0.667,1.5,2.9,1.6,4.9,6.6,2.4,0.5,1.3,8.7
11,Isaac Okoro,CLE,55,31.8,3,7.2,0.422,0.8,2.8,0.299,1.3,1.8,0.72,1.3,2.8,0.9,1.8,2.8,1.8,1,0.4,8.2
12,JaVale McGee,CLE,33,15.2,3.4,6.5,0.521,0.2,0.6,0.25,1.1,1.7,0.655,1.4,2.4,1.6,3.5,5.2,1,0.5,1.2,8
13,Damyean Dotson,CLE,35,18.8,2.5,6.3,0.394,0.9,3.3,0.278,0.6,0.9,0.688,0.8,0.9,0.1,1.9,2,2.1,0.4,0.1,6.5
14,Quinn Cook,CLE,7,13.6,2.4,6,0.405,0.9,1.9,0.462,0.4,0.4,1,0.6,1.1,0.3,1.4,1.7,1.9,0.4,0,6.1
15,Dylan Windler,CLE,31,16.5,1.8,4.2,0.438,0.8,2.5,0.338,0.7,0.9,0.778,1,1.2,0.6,2.8,3.5,1.1,0.6,0.4,5.2
16,Dean Wade,CLE,51,16.8,1.8,4.3,0.427,1.1,2.9,0.362,0.3,0.4,0.762,0.4,1.1,0.5,2.5,3,1.1,0.5,0.4,5.1
17,Lamar Stevens,CLE,40,12.5,1.6,3.4,0.456,0.1,0.6,0.16,0.9,1.3,0.725,0.6,1.3,0.6,1.8,2.4,0.6,0.4,0.3,4.1
18,Dante Exum,CLE,6,19.4,1.7,4.3,0.385,0.3,1.8,0.182,0.2,0.3,0.5,1.2,1.5,0.3,2.5,2.8,2.2,0.7,0.3,3.8
19,Thon Maker,CLE,8,9.6,1.2,2.2,0.556,0,0.2,0,1.2,1.4,0.909,0.4,0.9,1,1.2,2.2,0.5,0.2,0.5,3.8
20,Matt Dellavedova,CLE,13,17.2,1.1,4.3,0.25,0.3,1.9,0.16,0.3,0.3,1,0.5,1.6,0.5,1.4,1.8,4.5,0.3,0.1,2.8
21,Brodric Thomas,CLE,16,9,0.8,2.7,0.279,0.2,1.3,0.19,0.8,1,0.812,0.5,0.8,0.1,0.8,0.9,0.6,0.4,0.2,2.6
22,Mfiondu Kabengele,CLE,4,6,0.5,1.2,0.4,0.2,1,0.25,0.5,0.5,1,0.2,1,0,1.2,1.2,0.2,0.5,0,1.8
23,Marques Bolden,CLE,6,4.8,0.2,0.5,0.333,0,0,0,0.8,1.3,0.625,0.3,0,0.5,0.5,1,0,0.3,0.3,1.2
1,Luka Doncic,DAL,54,35.2,10.1,20.9,0.483,3,8.3,0.359,5.3,7.3,0.727,4.3,2.3,0.8,7.2,8,8.8,1,0.6,28.5
2,Kristaps Porzingis,DAL,39,31.4,7.6,16.1,0.474,2.2,6.2,0.362,2.9,3.4,0.85,1.3,2.7,2,7.3,9.3,1.6,0.5,1.5,20.4
3,Tim Hardaway Jr.,DAL,58,28.3,5.5,12.7,0.432,2.8,7.3,0.38,1.8,2.3,0.791,0.9,1.5,0.3,3,3.3,1.7,0.4,0.2,15.5
4,Jalen Brunson,DAL,55,25.5,4.8,9.1,0.525,1.1,2.9,0.391,1.9,2.5,0.785,1.3,1.7,0.5,3.2,3.6,3.5,0.5,0,12.6
5,Josh Richardson,DAL,48,31.7,4.5,10.4,0.429,1.5,4.8,0.316,1.8,2,0.905,1.4,2.4,0.9,2.6,3.5,2.8,0.9,0.4,12.2
6,Dorian Finney-Smith,DAL,48,32.3,3.6,7.8,0.458,2,5,0.39,0.5,0.6,0.806,0.6,2.4,1.7,3.8,5.5,1.5,0.9,0.4,9.6
7,Maxi Kleber,DAL,43,27.7,2.3,5.6,0.414,1.8,4.3,0.413,0.7,0.8,0.914,0.7,2.3,1,4.5,5.4,1.4,0.6,0.7,7.1
8,Trey Burke,DAL,49,14.3,2.4,5.4,0.444,1,2.7,0.362,0.7,0.8,0.85,0.5,1,0.1,0.8,0.9,1.3,0.6,0.1,6.5
9,J.J. Redick,DAL,7,13.4,2.1,4.6,0.469,1.6,3,0.524,0.3,0.4,0.667,1.1,0.6,0.1,1.3,1.4,0.7,0.1,0.1,6.1
10,James Johnson,DAL,29,17.4,2.3,5,0.462,0.5,2.1,0.25,0.6,1,0.586,0.9,2,0.5,2.5,3,1.7,0.8,0.8,5.7
11,Willie Cauley-Stein,DAL,40,16.9,2.2,3.5,0.627,0,0.2,0.111,1.1,1.7,0.657,0.5,2.4,1.1,3.1,4.2,0.7,0.3,0.8,5.6
12,Dwight Powell,DAL,45,14.9,1.8,3.2,0.576,0.1,0.4,0.25,1.4,1.9,0.774,0.6,2.2,1.2,2.3,3.5,0.8,0.6,0.3,5.2
13,Boban Marjanovic,DAL,24,9,2,4.2,0.48,0,0.2,0,0.8,1.1,0.769,0.4,1,1.6,2.8,4.4,0.3,0,0.2,4.9
14,Nicolo Melli,DAL,12,14.5,1.2,2.9,0.4,0.6,1.8,0.333,0.3,0.4,0.8,0.2,1.8,0.5,2.2,2.7,0.7,0.2,0.2,3.2
15,Josh Green,DAL,28,10.1,0.9,2.1,0.433,0.1,0.6,0.118,0.3,0.5,0.6,0.5,0.7,0.6,1.2,1.9,0.5,0.2,0.1,2.2
16,Wesley Iwundu,DAL,23,12.5,0.7,2.3,0.327,0.1,1,0.13,0.5,0.6,0.857,0.3,1.1,0.3,1.7,1.9,0.4,0.4,0.1,2.1
17,Nate Hinton,DAL,14,3.4,0.6,1.4,0.4,0.1,0.4,0.167,0.3,0.4,0.667,0.3,0.2,0.1,0.3,0.4,0.3,0.3,0.1,1.5
18,Tyrell Terry,DAL,11,5.1,0.5,1.5,0.312,0,0.6,0,0.1,0.3,0.333,0.2,0.2,0,0.5,0.5,0.5,0.5,0,1
19,Tyler Bey,DAL,11,3.5,0.4,1.1,0.333,0,0.1,0,0.2,0.4,0.5,0,0.4,0.5,0.7,1.2,0.1,0,0.1,0.9
1,Nikola Jokic,DEN,60,35.3,10.3,18.2,0.568,1.4,3.3,0.405,4.2,5,0.853,3.1,2.6,2.9,8,10.9,8.7,1.4,0.7,26.2
2,Jamal Murray,DEN,48,35.5,7.9,16.5,0.477,2.7,6.6,0.408,2.8,3.2,0.869,2.2,2,0.8,3.3,4,4.8,1.3,0.3,21.2
3,"Michael Porter, Jr.",DEN,50,31.1,6.9,12.8,0.54,2.6,6,0.443,1.7,2.2,0.775,1.1,2,1.7,5.9,7.6,1,0.6,1,18.2
4,Will Barton,DEN,56,31,4.6,10.9,0.426,1.8,4.6,0.381,1.7,2.2,0.785,1.7,1.7,0.7,3.3,4,3.2,0.9,0.4,12.7
5,Aaron Gordon,DEN,15,26.5,4.3,8.3,0.52,0.9,2.9,0.295,1.4,1.9,0.75,1.3,1.4,1.3,3.5,4.8,2.5,0.8,0.6,10.9
6,Monte Morris,DEN,44,26.1,4,8.3,0.477,1.1,3,0.377,1.3,1.6,0.789,0.7,1,0.2,1.9,2.2,3.2,0.7,0.3,10.3
7,Gary Harris,DEN,19,30.6,3.6,8.2,0.442,1.3,3.9,0.32,1.2,1.6,0.733,0.7,1.9,0.7,1.8,2.5,1.7,0.9,0.2,9.7
8,Paul Millsap,DEN,47,21.2,3.3,6.9,0.486,0.9,2.6,0.358,1.3,1.8,0.706,0.9,2,1.4,3.4,4.8,1.7,0.8,0.7,8.9
9,JaMychal Green,DEN,47,18.7,3,6.4,0.472,1.4,3.4,0.411,0.8,1,0.844,0.9,2.5,1.5,3.4,4.9,0.8,0.5,0.4,8.2
10,P.J. Dozier,DEN,45,21,2.9,6.7,0.426,0.9,2.8,0.333,0.9,1.4,0.639,0.9,1.8,0.8,3,3.8,1.8,0.7,0.4,7.5
11,Austin Rivers,DEN,3,21.8,2.3,5.3,0.438,1,3.3,0.3,1,1.3,0.75,0.3,1.7,0.3,2.7,3,1.7,0,0.3,6.7
12,Facundo Campazzo,DEN,54,19.9,1.6,4.3,0.375,1.1,3.1,0.37,0.9,1.1,0.845,1,2.1,0.3,1.4,1.6,3.1,1,0.2,5.3
13,JaVale McGee,DEN,5,11,2,3.6,0.556,0,0.2,0,0.4,0.8,0.5,1.6,3,1.4,3,4.4,0.2,0.4,0.6,4.4
14,Isaiah Hartenstein,DEN,30,9.1,1.4,2.7,0.512,0,0,0,0.7,1.2,0.611,0.7,2,1.3,1.5,2.8,0.5,0.4,0.7,3.5
15,Zeke Nnaji,DEN,38,9.4,1.2,2.4,0.484,0.5,1.4,0.385,0.3,0.4,0.8,0.2,0.7,0.3,1.2,1.5,0.2,0.2,0.1,3.2
16,Shaquille Harrison,DEN,5,13.4,1.4,2.6,0.538,0,0.2,0,0.2,0.2,1,0.4,1.2,0.2,0.6,0.8,0.4,1.2,0,3
17,R.J. Hampton,DEN,25,9.3,1,2.4,0.417,0.2,0.7,0.278,0.4,0.5,0.75,0.4,0.9,0.4,1.6,2,0.6,0.2,0.1,2.6
18,Bol Bol,DEN,26,4.8,0.9,1.7,0.511,0.3,0.8,0.45,0.3,0.5,0.583,0.5,0.5,0,0.7,0.7,0.3,0.1,0.4,2.4
19,Vlatko Cancar,DEN,33,5.5,0.5,1.3,0.405,0.2,0.7,0.227,0.2,0.2,0.875,0.4,0.4,0.2,0.9,1.1,0.3,0.3,0.1,1.4
20,Markus Howard,DEN,29,3.3,0.4,1.7,0.26,0.2,1.2,0.171,0,0.1,0.5,0.2,0.5,0,0.4,0.4,0.3,0.1,0,1.1
21,Gary Clark,DEN,2,2,0,0,0,0,0,0,0,0,0,0,0,0,0.5,0.5,0,0,0,0
22,Greg Whittington,DEN,4,3,0,0.8,0,0,0.5,0,0,0,0,0,0,0,0,0,0,0,0,0
1,Jerami Grant,DET,52,34.2,7.5,17.4,0.429,2.2,6.2,0.354,5.4,6.3,0.852,2,2.4,0.7,4,4.7,2.9,0.7,1.1,22.6
2,Derrick Rose,DET,15,22.8,5.3,12.3,0.429,0.9,2.6,0.333,2.8,3.3,0.84,1.9,1.1,0.4,1.5,1.9,4.2,1.2,0.3,14.2
3,Josh Jackson,DET,56,25,4.9,11.6,0.427,1.2,4.1,0.304,2.5,3.4,0.731,2.2,2.9,0.9,3.1,4,2.2,0.9,0.7,13.7
4,Blake Griffin,DET,20,31.3,4,11.1,0.365,1.9,6.2,0.315,2.2,3.1,0.71,1.6,2.1,0.3,4.8,5.2,3.9,0.7,0.1,12.2
5,Cory Joseph,DET,15,26.3,4.5,8.9,0.504,0.7,1.9,0.393,2.1,2.4,0.861,1.8,2.1,0.5,2.7,3.2,5.5,1.2,0.4,11.7
6,Saddiq Bey,DET,59,25.9,3.7,9.1,0.403,2.3,6.2,0.375,1.7,1.9,0.868,0.8,1.6,0.6,3.6,4.2,1.2,0.7,0.1,11.3
7,Delon Wright,DET,36,29.2,3.8,8.1,0.464,0.9,2.5,0.348,2,2.5,0.789,1.3,1.2,1,3.5,4.6,5,1.6,0.5,10.4
8,Mason Plumlee,DET,54,26.9,4.1,6.8,0.609,0,0.1,0,2.1,3.1,0.673,1.9,3.4,2.6,6.8,9.4,3.6,0.8,0.9,10.4
9,Wayne Ellington,DET,43,21.9,3.3,7.3,0.449,2.5,5.9,0.427,0.7,0.8,0.8,0.7,1.4,0.3,1.6,1.9,1.4,0.4,0.2,9.7
10,Frank Jackson,DET,32,16.5,2.9,6.3,0.458,1.4,3.5,0.405,1.3,1.6,0.788,0.8,1.2,0.4,1.6,2,0.7,0.2,0,8.4
11,Hamidou Diallo,DET,14,20.3,2.9,7,0.418,0.6,1.4,0.421,1.8,2.6,0.694,1.2,2.4,1.1,3.4,4.5,1.1,0.4,0.6,8.2
12,Isaiah Stewart II,DET,59,20.3,3.2,5.5,0.579,0.2,0.5,0.419,0.8,1.3,0.676,1,2.6,2.4,4.1,6.6,0.9,0.5,1.1,7.4
13,Dennis Smith,DET,20,19.6,2.8,6.8,0.415,0.9,2.7,0.352,0.7,1,0.7,1.2,1.6,0.6,2,2.6,3.7,1,0.7,7.2
14,Svi Mykhailiuk,DET,36,17.6,2.3,6.2,0.377,1.6,4.8,0.333,0.7,0.8,0.8,1.1,0.9,0.3,1.8,2.1,1.6,0.8,0.2,6.9
15,Killian Hayes,DET,16,22.8,2.4,7.1,0.345,0.6,2.3,0.243,0.5,0.6,0.889,2.8,1.9,0.2,1.9,2.1,4.4,0.9,0.4,5.9
16,Rodney McGruder,DET,16,12.1,2.3,4.4,0.529,0.7,1.5,0.458,0.4,0.5,0.75,0.4,0.8,0.5,0.9,1.4,1,0.5,0.1,5.7
17,Saben Lee,DET,37,15.5,1.9,4.1,0.464,0.2,0.4,0.438,1.4,2,0.676,1.1,1.6,0.4,1.7,2.1,3.4,0.7,0.3,5.4
18,Jahlil Okafor,DET,19,11,1.9,3.3,0.597,0.1,0.3,0.333,0.4,0.5,0.8,0.5,1.2,0.7,1.4,2.1,0.6,0.2,0.2,4.4
19,Tyler Cook,DET,17,13.8,1.9,3.1,0.615,0,0,0,0.5,1.1,0.474,0.8,1.2,0.9,2.2,3.1,0.5,0.3,0,4.3
20,Sekou Doumbouya,DET,47,13.3,1.4,4.2,0.347,0.5,1.9,0.25,0.7,0.9,0.738,0.7,1.6,0.5,1.6,2.1,0.7,0.4,0.1,4
21,Deividas Sirvydis,DET,14,2.7,0.4,1.2,0.294,0.3,0.9,0.308,0.2,0.3,0.75,0.2,0.2,0,0.6,0.6,0.1,0.1,0,1.2
1,Stephen Curry,GSW,53,34.1,10.2,20.9,0.489,5.2,12.1,0.427,5.6,6.1,0.917,3.4,1.8,0.5,5.2,5.6,5.8,1.2,0.1,31.3
2,Andrew Wiggins,GSW,61,33,6.8,14.5,0.471,2,5.1,0.382,2.4,3.4,0.697,1.8,2.2,1,3.8,4.8,2.3,1,1,18
3,"Kelly Oubre, Jr.",GSW,54,30.8,5.9,13.2,0.443,1.6,5.1,0.317,2.2,3.1,0.704,1.3,2.2,1.5,4.5,6,1.4,1,0.8,15.5
4,James Wiseman,GSW,39,21.4,4.9,9.4,0.519,0.3,1,0.316,1.4,2.2,0.628,1.5,3.1,1.4,4.4,5.8,0.7,0.3,0.9,11.5
5,Jordan Poole,GSW,40,18.4,3.7,8.8,0.426,1.8,5,0.352,1.7,1.9,0.885,0.9,1.7,0.2,1.4,1.6,1.9,0.6,0.2,10.9
6,Eric Paschall,GSW,39,17.3,3.7,7.5,0.491,0.4,1.4,0.321,1.6,2.3,0.719,1.1,1.7,0.7,2.5,3.2,1.3,0.3,0.2,9.5
7,Kent Bazemore,GSW,57,18.1,2.4,5.4,0.448,1.1,2.5,0.417,0.8,1.1,0.692,1.2,2.2,0.4,2.6,3.1,1.6,1,0.5,6.7
8,Draymond Green,GSW,53,30.9,2.5,6,0.422,0.5,2.1,0.248,1,1.3,0.779,3,3.1,0.9,5.9,6.8,8.8,1.6,0.8,6.6
9,Damion Lee,GSW,57,18.9,2.2,4.8,0.467,1.4,3.4,0.397,0.7,0.8,0.909,0.5,1.6,0.4,2.8,3.2,1.3,0.7,0.1,6.5
10,Marquese Chriss,GSW,2,13.4,2.5,7,0.357,0.5,2.5,0.2,1,2,0.5,1,1.5,1.5,5,6.5,1,0,1,6.5
11,Juan Toscano-Anderson,GSW,42,18.6,2.1,3.6,0.586,0.6,1.5,0.419,0.4,0.5,0.739,1,2,0.6,3.4,4,2.4,0.6,0.4,5.3
12,Brad Wanamaker,GSW,39,16,1.6,4.4,0.353,0.3,1.6,0.213,1.3,1.4,0.893,0.9,1.4,0.2,1.5,1.7,2.5,0.7,0.2,4.7
13,Nico Mannion,GSW,24,12.3,1.3,4,0.337,0.8,2.1,0.36,0.8,1,0.8,1,1,0.1,1.3,1.4,2.2,0.6,0,4.2
14,Mychal Mulder,GSW,49,10.4,1.4,3.2,0.424,1,2.7,0.371,0.2,0.4,0.579,0.2,0.7,0,0.7,0.8,0.4,0.2,0.2,4
15,Kevon Looney,GSW,50,17.5,1.7,3.1,0.535,0.1,0.3,0.25,0.5,0.7,0.706,0.6,2.1,1.9,2.9,4.8,1.9,0.4,0.4,3.9
16,Gary Payton II,GSW,9,2.9,0.9,1.2,0.727,0.2,0.4,0.5,0.3,0.4,0.75,0.1,0.7,0.2,0.7,0.9,0,0.6,0.1,2.3
17,Alen Smailagic,GSW,9,4.3,0.7,1.4,0.462,0.2,0.6,0.4,0.1,0.4,0.25,0,0.7,0.3,0.4,0.8,0.2,0.1,0.3,1.7
1,James Harden,HOU,8,36.3,7.5,16.9,0.444,3.1,9,0.347,6.6,7.5,0.883,4.2,1.8,0.6,4.5,5.1,10.4,0.9,0.8,24.8
2,Victor Oladipo,HOU,20,33.5,7.8,19.1,0.407,2.5,7.7,0.32,3.2,4.2,0.783,2.5,2.2,0.4,4.3,4.8,5,1.2,0.5,21.2
3,Christian Wood,HOU,37,32,8.1,15.5,0.523,1.8,4.8,0.376,2.9,4.6,0.634,1.9,2.1,1.8,7.7,9.5,1.5,0.9,1.2,21
4,John Wall,HOU,40,32.2,7.3,18.1,0.404,2,6.2,0.317,4,5.3,0.749,3.5,1.1,0.4,2.8,3.2,6.9,1.1,0.8,20.6
5,Kelly Olynyk,HOU,17,30.9,6.5,11.1,0.582,1.9,4.8,0.402,3.1,3.5,0.881,2.4,2.6,1.4,6.6,7.9,2.9,1.1,0.5,17.9
6,Eric Gordon,HOU,27,29.2,5.9,13.6,0.433,2.6,7.8,0.329,3.5,4.2,0.825,1.9,1.6,0.3,1.9,2.1,2.6,0.5,0.5,17.8
7,"Kevin Porter, Jr.",HOU,21,31.6,5.7,13.6,0.421,1.7,5.8,0.289,2.4,3.2,0.746,3.4,2.3,0.7,3.1,3.8,6.2,0.8,0.3,15.5
8,Jae'sean Tate,HOU,61,29,4.4,8.6,0.514,0.8,2.7,0.291,1.4,1.9,0.718,1.2,3.1,2,3.4,5.3,2.3,1.3,0.6,11
9,DeMarcus Cousins,HOU,25,20.2,3.2,8.4,0.376,1.6,4.6,0.336,1.8,2.4,0.746,1.6,3,1.2,6.4,7.6,2.4,0.8,0.7,9.6
10,D.J. Augustin,HOU,14,19.2,2.8,6.7,0.415,1.3,3.6,0.36,2.4,2.4,0.971,1.5,1.3,0.5,1.8,2.3,4,0.4,0,9.2
11,David Nwaba,HOU,30,22.6,3.5,7.3,0.486,0.6,2.1,0.27,1.6,2.3,0.691,0.6,2,1.3,2.6,3.9,1,1,0.7,9.2
12,Danuel House,HOU,32,27,3.2,7.8,0.407,1.6,4.4,0.359,1.2,1.8,0.661,0.9,1.9,0.6,3.2,3.8,1.8,0.6,0.4,9.1
13,Armoni Brooks,HOU,9,23.5,2.9,7.7,0.377,2.3,6.7,0.35,0.2,0.6,0.4,1.2,1.4,0.6,3.4,4,1.4,0.4,0.1,8.3
14,Sterling Brown,HOU,51,24.1,2.9,6.6,0.448,1.8,4.2,0.423,0.5,0.6,0.806,0.8,1.9,0.7,3.6,4.4,1.4,0.7,0.2,8.2
15,Ben McLemore,HOU,32,16.8,2.5,7,0.357,1.7,5.2,0.331,0.7,1,0.719,0.9,1.6,0.3,1.7,2.1,0.9,0.6,0.1,7.4
16,K.J. Martin,HOU,34,20.4,2.7,5.3,0.508,0.4,1.2,0.333,1.2,1.6,0.714,0.6,1.7,1.6,3,4.6,0.6,0.6,0.9,6.9
17,Mason Jones,HOU,26,11.8,1.8,4.4,0.412,0.9,2.5,0.359,1.3,2.2,0.614,1.1,0.8,0.2,1.8,2,1.5,0.2,0,5.8
18,D.J. Wilson,HOU,20,13.2,2.1,5,0.426,0.8,2.4,0.333,0.6,0.9,0.632,0.8,1.3,0.6,2.8,3.4,0.8,0.5,0.6,5.7
19,Avery Bradley,HOU,14,22.8,2,6.3,0.318,1.1,3.8,0.283,0.4,0.4,0.833,0.9,1.7,0.4,2.1,2.5,2,0.7,0.1,5.4
20,Justin Patton,HOU,13,19,2.2,5.4,0.414,0.7,2.6,0.265,0.2,0.3,0.75,0.3,2.6,1.1,2.7,3.8,1.1,0.9,1.1,5.4
21,P.J. Tucker,HOU,32,30,1.5,4.1,0.366,0.8,2.7,0.314,0.6,0.7,0.783,1,2.8,1,3.6,4.6,1.4,0.9,0.6,4.4
22,Anthony Lamb,HOU,14,11.9,1.3,3.9,0.327,0.6,2.4,0.273,0.4,0.5,0.857,0.4,1.3,1.1,1.2,2.3,0.4,0.1,0.1,3.6
23,Bruno Caboclo,HOU,6,6.1,1.3,2.8,0.471,0,0.8,0,0.2,0.3,0.5,0.7,1,0.5,1.8,2.3,0.2,0,0.3,2.8
24,Brodric Thomas,HOU,4,6,0.5,1.8,0.286,0.2,1.5,0.167,1.2,1.8,0.714,1,1.2,0.2,0.8,1,1,0.2,0.2,2.5
25,DaQuan Jeffries,HOU,6,13.4,0.8,3,0.278,0.3,1.8,0.182,0,0,0,0,0.8,0.7,1.5,2.2,0.5,0.2,0.5,2
26,Raymond Spalding,HOU,2,9.4,1,2,0.5,0,0.5,0,0,1,0,1.5,1.5,1,1,2,0,0,1,2
27,Rodions Kurucs,HOU,11,6.8,0.5,1.9,0.238,0.2,1.4,0.133,0.1,0.2,0.5,0.8,0.6,0.2,0.8,1,0.4,0.5,0.4,1.2
1,Malcolm Brogdon,IND,54,35,8.1,17.8,0.457,2.7,6.7,0.396,2.7,3.1,0.863,2.1,2,1.1,4.2,5.3,6,0.9,0.3,21.6
2,Victor Oladipo,IND,9,33.3,7.1,16.9,0.421,2.8,7.7,0.362,3,4.1,0.73,2,2.6,0.1,5.6,5.7,4.2,1.7,0.2,20
3,Domantas Sabonis,IND,53,35.7,7.5,14.4,0.52,0.8,2.6,0.302,4.1,5.6,0.731,3.4,3.4,2.5,9.1,11.6,6,1.1,0.5,19.9
4,Caris LeVert,IND,24,32.4,7.1,16.5,0.433,1.5,5.6,0.276,3,3.8,0.783,1.8,2.3,0.8,3.8,4.6,4.1,1.7,0.5,18.8
5,T.J. Warren,IND,4,29.3,6.8,12.8,0.529,0,1.8,0,2,2.5,0.8,1,4,0.5,3,3.5,1.2,0.5,0,15.5
6,Doug McDermott,IND,54,24.2,5.1,9.8,0.524,1.6,4.2,0.38,1.2,1.4,0.831,0.8,1.7,1,2.6,3.6,1.3,0.3,0.1,13.1
7,Myles Turner,IND,47,31,4.4,9.2,0.477,1.5,4.4,0.335,2.4,3,0.782,1.4,3.5,1.3,5.2,6.5,1,0.9,3.4,12.6
8,Justin Holiday,IND,60,30.8,3.6,8.9,0.404,2.4,6.5,0.375,0.9,1.1,0.783,0.8,1.9,0.5,3.2,3.7,1.6,1.2,0.5,10.5
9,Jeremy Lamb,IND,36,21.3,3.3,7.7,0.435,1.4,3.6,0.406,2,2.1,0.947,0.6,2,0.7,2.9,3.6,1.5,0.9,0.6,10.1
10,OShae Brissett,IND,9,17.8,2.8,5.2,0.532,1.1,2.7,0.417,1.8,2.3,0.762,0.2,1,1.3,3,4.3,0.6,0.4,0.6,8.4
11,T.J. McConnell,IND,57,25.7,3.7,6.7,0.561,0.2,0.6,0.333,0.4,0.7,0.658,1.9,1.6,0.7,2.9,3.6,6.6,1.8,0.4,8.1
12,Edmond Sumner,IND,47,15.9,2.7,5.2,0.527,0.7,1.7,0.388,1.2,1.5,0.803,0.9,1.6,0.4,1.4,1.8,0.9,0.6,0.2,7.3
13,Aaron Holiday,IND,58,16.9,2.5,6.5,0.387,1,2.8,0.373,0.9,1.1,0.803,0.9,1.5,0.2,1,1.2,1.6,0.6,0.2,7
14,Goga Bitadze,IND,37,11.3,1.9,4.1,0.458,0.4,1.5,0.268,0.9,1.2,0.756,0.4,1.9,1.3,1.9,3.2,0.7,0.2,1.2,5.1
15,JaKarr Sampson,IND,23,9.5,1.4,3.2,0.446,0.1,0.5,0.25,0.7,1.1,0.6,0.4,1.7,0.8,1.7,2.4,0.1,0.1,0.4,3.7
16,Kelan Martin,IND,23,5.5,0.8,2.1,0.388,0.3,0.9,0.286,0.2,0.2,1,0.3,0.5,0.4,0.9,1.3,0.3,0.2,0.1,2.1
17,Jalen Lecque,IND,4,3,0.2,2.2,0.111,0,0.2,0,0.8,0.8,1,0,0,0.5,0.8,1.2,0.5,0,0,1.2
18,Cassius Stanley,IND,17,2.7,0.4,1.4,0.304,0.1,0.4,0.167,0.2,0.3,0.8,0.1,0.5,0.3,0.4,0.6,0,0,0.1,1.1
19,Brian Bowen II,IND,6,2.5,0.2,0.7,0.25,0,0.2,0,0.2,0.2,1,0,0.2,0,0.5,0.5,0,0,0,0.5
20,Amida Brimah,IND,1,5.1,0,1,0,0,0,0,0,0,0,0,0,0,0,0,0,0,1,0
1,Kawhi Leonard,LAC,46,34.4,9.4,18.2,0.516,2,5,0.393,5,5.7,0.878,2,1.7,1.1,5.5,6.7,5.1,1.7,0.4,25.7
2,Paul George,LAC,46,33.6,8.5,17.8,0.479,3.3,7.6,0.429,3.7,4.2,0.891,3.3,2.4,0.9,5.6,6.5,5.4,1.2,0.5,24
3,Marcus Morris,LAC,48,26.3,4.9,10.4,0.471,2.5,5.3,0.478,1.2,1.5,0.803,0.9,2.1,0.6,3.5,4.1,1,0.6,0.2,13.6
4,Lou Williams,LAC,42,21.9,4.3,10.2,0.421,1.1,2.8,0.378,2.5,2.8,0.866,1.6,1,0.4,1.7,2.1,3.4,0.9,0.1,12.1
5,Serge Ibaka,LAC,39,23.6,4.5,8.9,0.507,1,2.8,0.352,0.9,1.2,0.822,1.1,1.9,1.7,4.9,6.7,1.7,0.2,1.2,10.9
6,Reggie Jackson,LAC,58,22.8,3.9,8.6,0.452,1.7,3.9,0.441,1.1,1.3,0.805,1.1,2,0.4,2.5,2.9,3.2,0.6,0.1,10.5
7,Ivica Zubac,LAC,62,22.4,3.6,5.6,0.644,0,0,0,2,2.5,0.786,1.1,2.6,2.7,4.6,7.3,1.2,0.4,0.9,9.2
8,Luke Kennard,LAC,56,19.9,3.2,6.6,0.477,1.6,3.6,0.46,0.4,0.5,0.828,0.8,1.5,0.2,2.5,2.7,1.7,0.4,0.2,8.4
9,Nicolas Batum,LAC,58,28.4,2.9,6.4,0.458,1.7,4.2,0.406,0.8,0.9,0.846,0.9,1.6,0.8,4.1,4.9,2.4,1.1,0.6,8.3
10,Patrick Beverley,LAC,31,23.4,2.6,6.1,0.432,1.7,4,0.416,1.1,1.3,0.805,0.9,3.1,0.9,2.7,3.6,2.1,0.8,0.8,8
11,Yogi Ferrell,LAC,1,20.1,2,6,0.333,1,3,0.333,3,3,1,0,1,0,0,0,7,1,0,8
12,Rajon Rondo,LAC,9,18.5,2.4,5.3,0.458,0.8,2.1,0.368,1,1,1,1.7,1.9,0.8,1.7,2.4,5.2,0.8,0.1,6.7
13,Terance Mann,LAC,59,19.1,2.5,5.2,0.481,0.6,1.4,0.412,1,1.3,0.803,0.6,2,0.9,2.8,3.7,1.7,0.4,0.2,6.6
14,DeMarcus Cousins,LAC,8,11.5,2.5,5.1,0.488,0.5,1,0.5,0.8,1.6,0.462,2,1.8,1.5,3,4.5,1.2,0.4,0.1,6.2
15,Patrick Patterson,LAC,33,14.3,1.8,4,0.451,1.1,2.8,0.385,0.4,0.5,0.75,0.3,1.3,0.5,1.5,1.9,0.7,0.4,0.2,5.1
16,Amir Coffey,LAC,42,8.8,1,2.2,0.436,0.5,1.2,0.412,0.6,0.9,0.694,0.3,0.6,0.2,0.8,1,0.5,0.2,0,3
17,Daniel Oturu,LAC,23,4.1,0.6,1.1,0.538,0,0,0,0.2,0.3,0.625,0.2,0.6,0.4,0.7,1,0.3,0,0.1,1.4
18,Mfiondu Kabengele,LAC,23,4.1,0.4,1.4,0.281,0.2,0.8,0.222,0.2,0.3,0.833,0.3,0.8,0,0.6,0.6,0.2,0.1,0.1,1.2
19,Malik Fitts,LAC,3,3.6,0.3,1,0.333,0.3,0.7,0.5,0,0,0,0,1,0,1,1,0,0,0,1
1,LeBron James,LAL,41,33.9,9.5,18.4,0.513,2.4,6.5,0.368,4.1,5.8,0.703,3.7,1.6,0.6,7.3,7.9,7.9,1,0.6,25.4
2,Anthony Davis,LAL,25,32,8.4,16.5,0.512,0.7,2.6,0.262,4,5.6,0.714,1.9,1.7,2,6,8,3,1.3,1.7,21.6
3,Dennis Schroder,LAL,56,32,5.4,12.4,0.438,1.2,3.4,0.344,3.5,4.2,0.843,2.7,2.6,0.5,3,3.5,5.7,1.2,0.2,15.6
4,Montrezl Harrell,LAL,59,24,5.7,9.1,0.62,0,0.2,0,2.6,3.7,0.713,1.1,1.9,2.4,4.2,6.6,1.1,0.7,0.7,13.9
5,Kyle Kuzma,LAL,57,28.5,4.9,11.4,0.436,2,5.7,0.351,0.9,1.4,0.675,1.8,1.8,1.7,4.6,6.4,1.7,0.5,0.6,12.8
6,Andre Drummond,LAL,9,25.8,4.3,9.1,0.476,0,0,0,2.6,3.7,0.697,2.7,3.9,2.7,7.7,10.3,1.9,1.7,0.8,11.2
7,Kentavious Caldwell-Pope,LAL,55,27.4,3.3,7.6,0.433,1.8,4.3,0.424,1.3,1.5,0.857,1,1.6,0.4,2.2,2.7,1.6,0.8,0.3,9.7
8,Ben McLemore,LAL,9,17.9,3,6.8,0.443,2,5.2,0.383,1.4,1.8,0.812,0.7,2.6,0.4,1.3,1.8,0.4,0.1,0.3,9.4
9,Talen Horton-Tucker,LAL,55,19.7,3.4,7.6,0.446,0.6,2.1,0.267,1.5,1.8,0.812,1.5,2,0.4,2.3,2.7,2.5,0.9,0.4,8.8
10,Markieff Morris,LAL,52,20.6,2.7,6.4,0.425,1.2,3.7,0.325,0.6,0.8,0.744,0.9,1.8,0.8,3.8,4.6,1.2,0.3,0.3,7.3
11,Alex Caruso,LAL,50,20.5,2.1,4.8,0.429,0.9,2.3,0.404,0.8,1.2,0.672,1.2,1.8,0.5,2.4,2.9,2.5,1.2,0.3,5.9
12,Damian Jones,LAL,8,14,2,2.1,0.941,0,0,0,1.4,1.5,0.917,0.6,2.8,1,2.2,3.2,0.1,0.1,0.9,5.4
13,Marc Gasol,LAL,45,19.5,1.8,4,0.444,1,2.5,0.387,0.8,1,0.739,1.2,2.2,0.8,3.3,4.1,2.1,0.5,1.2,5.3
14,Wesley Matthews,LAL,50,19.3,1.4,4.2,0.335,1.1,3.4,0.321,0.6,0.7,0.857,0.4,1.4,0.3,1.3,1.5,0.9,0.6,0.3,4.5
15,Alfonzo McKinnie,LAL,34,6.5,1.1,2.2,0.52,0.4,0.9,0.438,0.3,0.5,0.529,0.1,0.6,0.5,0.9,1.4,0.2,0.1,0,3
16,Devontae Cacok,LAL,17,5.2,1,1.6,0.63,0,0,0,0.2,0.5,0.444,0.3,0.5,0.6,1.2,1.8,0.1,0.3,0.2,2.2
17,Quinn Cook,LAL,16,3.9,0.8,1.6,0.462,0.3,0.8,0.385,0.2,0.3,0.8,0.2,0.1,0,0.3,0.3,0.3,0.1,0.1,2.1
18,Kostas Antetokounmpo,LAL,14,3.8,0.2,0.7,0.3,0,0,0,0.4,0.9,0.462,0.7,0.5,0.3,1.1,1.4,0.1,0.1,0.3,0.9
19,Jared Dudley,LAL,11,6.9,0.2,0.6,0.286,0.2,0.5,0.4,0,0,0,0.2,0.6,0.4,1.4,1.7,0.5,0.1,0.1,0.5
1,Ja Morant,MEM,51,32.2,7,15.3,0.456,1.1,3.6,0.301,4.5,6.1,0.733,3.1,1.4,0.9,2.9,3.8,7.3,0.9,0.2,19.5
2,"Jaren Jackson, Jr.",MEM,2,21.4,7,12.5,0.56,0.5,3,0.167,4.5,5,0.9,0.5,4.5,2,3.5,5.5,1,0.5,2.5,19
3,Jonas Valanciunas,MEM,51,28.1,7.1,12.2,0.579,0.4,1,0.365,2.5,3.3,0.774,1.6,2.8,4.1,8.4,12.5,1.8,0.5,0.7,17.1
4,Dillon Brooks,MEM,55,29.5,6.3,15.2,0.417,1.9,5.5,0.347,2.2,2.7,0.836,1.8,3.5,0.8,2.2,3,2.3,1.2,0.4,16.8
5,Kyle Anderson,MEM,57,27.4,4.5,9.6,0.464,1.3,3.8,0.349,2,2.6,0.782,1.2,1.8,0.8,5.2,6,3.6,1.2,0.8,12.3
6,Grayson Allen,MEM,46,25.6,3.6,8.6,0.423,2.3,5.7,0.398,1.6,1.9,0.862,1,1.5,0.4,2.9,3.3,2.2,1,0.2,11.2
7,Brandon Clarke,MEM,49,25.1,4.6,8.8,0.521,0.4,1.3,0.297,1.3,1.9,0.674,0.6,1.5,1.5,4,5.4,1.7,1,0.8,10.8
8,De'Anthony Melton,MEM,39,20.4,3.8,8,0.473,1.9,4.2,0.457,0.8,1.1,0.78,1.2,1.7,0.7,2.5,3.2,2.7,1.3,0.5,10.3
9,Desmond Bane,MEM,55,22.1,3.4,7.2,0.475,1.7,3.8,0.459,0.6,0.8,0.833,0.9,1.9,0.4,2.7,3,1.7,0.6,0.2,9.2
10,Gorgui Dieng,MEM,22,16.9,2.5,4.9,0.519,1,2.2,0.479,1.7,2,0.884,1,1.7,1.3,3.2,4.5,1.3,0.8,0.6,7.9
11,Tyus Jones,MEM,57,18.7,2.8,6.4,0.437,0.7,2.2,0.315,0.6,0.6,0.917,0.7,0.5,0.4,1.8,2.1,4,1,0.1,6.9
12,"Xavier Tillman, Sr.",MEM,49,19.1,2.9,5.3,0.552,0.4,1.1,0.321,0.6,1,0.66,0.7,2.2,1.3,3.1,4.4,1.3,0.8,0.6,6.8
13,Justise Winslow,MEM,20,20.1,3,8.5,0.347,0.3,2.1,0.14,0.5,0.9,0.556,1.6,1.9,0.7,3.6,4.3,1.8,0.8,0.4,6.7
14,John Konchar,MEM,34,13.7,1.4,3,0.456,0.4,1.2,0.366,0.6,0.7,0.833,0.5,1,0.7,2.1,2.8,1.1,0.9,0.2,3.8
15,Killian Tillie,MEM,13,9,0.9,3,0.308,0.5,1.8,0.25,0.3,0.4,0.8,0.1,1.2,0.5,0.8,1.3,0.3,0.4,0.5,2.6
16,Sean McDermott,MEM,17,9.2,0.8,1.9,0.394,0.3,1.3,0.227,0.5,0.5,1,0.2,0.5,0.4,0.8,1.1,0.2,0.1,0.2,2.3
17,Tim Frazier,MEM,3,10.8,0.7,2.7,0.25,0,0.7,0,0,0,0,1,1.3,0,1.3,1.3,2.3,0.3,0,1.3
18,Jontay Porter,MEM,7,3.1,0.4,1.1,0.375,0.3,0.9,0.333,0,0,0,0.7,0.9,0.3,1,1.3,0.1,0.3,0,1.1
1,Jimmy Butler,MIA,44,33.9,7,14.2,0.493,0.4,2,0.218,6.8,7.9,0.857,2.2,1.5,1.8,5.2,7,7.3,2.1,0.4,21.3
2,Bam Adebayo,MIA,54,33.5,7.2,12.7,0.566,0,0.1,0.25,4.6,5.7,0.803,2.7,2.2,2.3,6.9,9.1,5.3,1.1,1.1,19.1
3,Tyler Herro,MIA,48,30.7,5.6,13.1,0.427,1.9,5.5,0.344,1.9,2.3,0.809,1.9,1.3,0.5,4.4,4.9,3.4,0.7,0.4,14.9
4,Kendrick Nunn,MIA,47,29,5.4,11.5,0.468,2.2,5.7,0.383,1,1.1,0.923,1.4,1.9,0.4,2.9,3.2,2.8,1,0.3,14
5,Duncan Robinson,MIA,61,32.1,4.4,10.1,0.44,3.5,8.6,0.405,0.8,1,0.836,1.2,2.5,0.1,3.5,3.6,1.8,0.6,0.2,13.2
6,Goran Dragic,MIA,40,26.3,4.6,10.6,0.435,1.6,4.7,0.355,2.1,2.5,0.814,2.5,2.2,0.5,3,3.5,4.4,0.7,0.2,13
7,Victor Oladipo,MIA,4,27.8,4,10.8,0.372,1,4.2,0.235,3,4.5,0.667,3.5,3.2,0.8,2.8,3.5,3.5,1.8,0.5,12
8,Kelly Olynyk,MIA,43,26.9,3.8,8.7,0.431,1.8,5.7,0.317,0.7,0.9,0.775,1.3,2.9,1,5,6.1,2.1,0.9,0.6,10
9,Avery Bradley,MIA,10,21.1,3.1,6.6,0.47,1.6,3.8,0.421,0.7,0.9,0.778,0.9,2.6,0.2,1.6,1.8,1.4,0.7,0.1,8.5
10,Trevor Ariza,MIA,20,27,2.9,7.2,0.393,1.5,4.2,0.357,1.1,1.4,0.75,0.6,1.6,0.8,3.8,4.5,1.8,0.7,0.6,8.2
11,Dewayne Dedmon,MIA,6,13.3,2.7,4,0.667,0,0.5,0,1.5,1.7,0.9,0.8,1.3,2.2,3.3,5.5,0.3,0.8,0.7,6.8
12,Max Strus,MIA,32,12.1,2,4.3,0.457,1.2,3.5,0.351,0.3,0.5,0.647,0.2,1.1,0.1,0.8,0.8,0.5,0.2,0,5.5
13,Precious Achiuwa,MIA,55,12.4,2,3.8,0.541,0,0,0,1,1.9,0.515,0.7,1.6,1.3,2.3,3.6,0.5,0.3,0.5,5
14,Gabe Vincent,MIA,42,13.4,1.8,4.8,0.369,0.9,3.1,0.287,0.5,0.5,0.87,0.7,1.6,0.2,0.9,1.1,1.3,0.4,0,4.9
15,Andre Iguodala,MIA,54,21.5,1.6,4.2,0.381,1,3.1,0.329,0.4,0.6,0.647,1,1.4,0.6,3,3.6,2.2,1,0.6,4.6
16,Meyers Leonard,MIA,3,9.8,1,2.3,0.429,1,2.3,0.429,0.3,0.7,0.5,0.7,1.7,0,2.3,2.3,0.7,0,0,3.3
17,Nemanja Bjelica,MIA,8,10.8,1.1,3,0.375,0.4,2,0.188,0.1,0.4,0.333,0.4,1.9,0.1,1.9,2,1.1,0.2,0.2,2.8
18,Chris Silva,MIA,11,7.5,0.8,1.2,0.692,0.1,0.1,1,1,1.4,0.733,0.8,1.8,0.6,1.6,2.3,0.5,0.1,0.5,2.7
19,KZ Okpala,MIA,30,12.8,1,2.8,0.345,0.4,1.6,0.255,0.1,0.3,0.3,0.4,1.7,0.6,1.4,2,0.5,0.3,0.3,2.4
20,Maurice Harkless,MIA,11,11.2,0.5,1.2,0.385,0.5,1,0.455,0,0.2,0,0.3,1.3,0.2,1,1.2,0.6,0.2,0.4,1.4
1,Giannis Antetokounmpo,MIL,51,33.6,10.3,18.1,0.568,1.1,3.6,0.301,6.8,10,0.682,3.6,2.7,1.7,9.7,11.4,6,1.2,1.3,28.5
2,Khris Middleton,MIL,58,33.2,7.4,15.5,0.478,2.2,5.1,0.43,3,3.4,0.892,2.7,2.3,0.8,5.1,5.9,5.4,1.1,0.2,20.1
3,Jrue Holiday,MIL,48,31.9,6.8,13.5,0.506,1.9,4.6,0.399,1.7,2.1,0.81,2.1,1.6,1.2,3.3,4.5,5.7,1.8,0.5,17.2
4,Brook Lopez,MIL,59,27.2,4.3,8.9,0.482,1.5,4.4,0.351,1.5,1.8,0.849,0.9,2,1.4,3.6,4.9,0.7,0.6,1.4,11.6
5,Bobby Portis,MIL,56,21.2,4.8,9.1,0.528,1.2,2.5,0.486,0.7,1,0.759,0.9,1.7,1.8,5.2,7,1.1,0.7,0.4,11.5
6,Donte DiVincenzo,MIL,56,27.4,3.8,9.2,0.415,1.9,5.1,0.378,0.8,1,0.737,1.4,1.6,1.2,4.3,5.6,3.1,1.1,0.2,10.3
7,Bryn Forbes,MIL,59,19.1,3.4,7.4,0.454,2.1,4.8,0.433,0.7,0.9,0.769,0.6,1.1,0.2,1.3,1.4,0.6,0.3,0,9.5
8,Pat Connaughton,MIL,57,23.1,2.6,5.7,0.451,1.5,3.9,0.388,0.5,0.6,0.743,0.5,1.5,1,3.8,4.8,1.2,0.7,0.3,7.1
9,D.J. Augustin,MIL,37,19.3,1.9,5.2,0.37,1.3,3.5,0.38,1,1.1,0.9,0.9,0.9,0.3,1.1,1.4,3,0.5,0,6.1
10,Jeff Teague,MIL,12,16.7,1.9,4.4,0.434,0.3,1.3,0.25,1.6,1.8,0.864,0.9,0.9,0.2,1.5,1.8,3.2,0.2,0.2,5.8
11,Jordan Nwora,MIL,25,9.1,1.9,4.3,0.444,1,2.1,0.462,0.7,0.8,0.81,0.8,0.8,0.2,1.6,1.8,0.3,0.6,0.2,5.5
12,D.J. Wilson,MIL,12,8.7,1.3,3.6,0.372,0.8,2.3,0.357,0.1,0.2,0.5,0.3,1.1,0.2,1.8,2.1,0.2,0.1,0.3,3.6
13,Thanasis Antetokounmpo,MIL,48,10.3,1.4,2.6,0.524,0.1,0.5,0.292,0.4,0.8,0.462,0.8,1.4,1.1,1.4,2.5,0.9,0.4,0.2,3.3
14,Sam Merrill,MIL,27,7.4,1.1,2.3,0.484,0.7,1.5,0.488,0.1,0.1,1,0.4,0.6,0.2,0.8,1,0.7,0.2,0,3.1
15,Rodions Kurucs,MIL,5,6.7,1,1.6,0.625,0.6,0.8,0.75,0.4,0.4,1,0.8,1.6,0.6,1.2,1.8,0.8,0.6,0,3
16,Mamadi Diakite,MIL,12,8.5,1,2.4,0.414,0.1,0.6,0.143,0.5,0.5,1,0.2,1,0.5,1.8,2.2,0.5,0.3,0.4,2.6
17,Torrey Craig,MIL,18,11.2,1,2.6,0.391,0.4,1.2,0.364,0.1,0.1,0.5,0.3,1.3,0.7,1.7,2.4,0.9,0.5,0.4,2.5
18,P.J. Tucker,MIL,9,17.1,0.9,2.4,0.364,0.7,1.7,0.4,0,0,0,0.2,1.1,1,1.9,2.9,0.6,0.3,0.2,2.4
19,Axel Toupane,MIL,8,7.7,0.5,1.4,0.364,0.1,0.2,0.5,0.6,0.9,0.714,0,0.8,0,0.8,0.8,0.5,0.2,0.4,1.8
20,Jaylen Adams,MIL,7,2.6,0.1,1.1,0.125,0,0.3,0,0,0,0,0,0.1,0,0.4,0.4,0.3,0,0,0.3
1,Karl-Anthony Towns,MIN,39,34.3,8.6,17.6,0.491,2.5,6.2,0.397,5.1,5.8,0.868,3.2,3.6,2.7,8.2,10.9,4.6,0.7,1.4,24.8
2,Malik Beasley,MIN,37,32.8,7.1,16.2,0.44,3.5,8.7,0.399,1.8,2.2,0.85,1.6,1.7,0.8,3.6,4.4,2.4,0.8,0.2,19.6
3,D'Angelo Russell,MIN,31,27.7,6.8,15.5,0.441,2.9,7.1,0.407,2.7,3.4,0.8,2.7,1.7,0.4,2.1,2.5,4.9,1,0.4,19.3
4,Anthony Edwards,MIN,61,31.4,6.6,16.5,0.401,2.3,7.1,0.324,2.8,3.5,0.781,2.1,1.7,0.8,3.6,4.4,2.7,1.2,0.4,18.3
5,Naz Reid,MIN,59,19.2,4.2,8.2,0.517,0.8,2.4,0.343,1.8,2.5,0.738,1,2.5,1.1,3.5,4.6,1.1,0.5,1.1,11.1
6,Jaylen Nowell,MIN,38,18.8,3.6,8.4,0.428,1.2,3.7,0.338,1.1,1.3,0.824,0.7,1.8,0.5,1.9,2.3,1.6,0.6,0.3,9.5
7,Ricky Rubio,MIN,57,26.2,2.7,7.2,0.378,0.9,2.9,0.301,2,2.3,0.856,1.8,2.1,0.4,2.8,3.2,6.6,1.4,0.1,8.3
8,Jaden McDaniels,MIN,54,23.3,2.6,5.9,0.449,1.1,3,0.372,0.4,0.7,0.59,0.7,2.6,0.8,2.8,3.6,1.1,0.5,1,6.8
9,Juancho Hernangomez,MIN,42,16.7,2.4,5.4,0.439,0.9,3,0.312,1.1,1.7,0.662,0.5,0.9,0.9,3.1,4,0.6,0.4,0.1,6.8
10,Josh Okogie,MIN,48,21.2,1.8,4.6,0.4,0.5,2,0.266,1.4,1.8,0.802,0.8,2.2,0.9,1.6,2.5,1.1,1,0.5,5.6
11,Jarrett Culver,MIN,34,14.7,2,4.9,0.411,0.4,1.6,0.245,0.9,1.4,0.604,0.8,1.7,1,2.1,3.1,0.7,0.5,0.3,5.3
12,Jake Layman,MIN,42,14.3,2.1,4.2,0.497,0.5,1.7,0.288,0.6,0.9,0.703,0.6,1,0.3,1.2,1.5,0.7,0.7,0.4,5.3
13,Jarred Vanderbilt,MIN,53,17.2,2.1,3.5,0.591,0,0.1,0.25,1,1.8,0.564,0.9,1.9,1.7,3.8,5.5,1.3,0.9,0.8,5.2
14,Jordan McLaughlin,MIN,41,19.2,2,5,0.396,0.7,1.8,0.365,0.4,0.6,0.75,1,0.9,0.4,1.7,2.1,4.1,1.1,0.1,5.1
15,Ed Davis,MIN,22,13.3,0.9,2,0.432,0,0,0,0.5,0.5,0.833,0.3,2.5,2.1,3,5.1,1,0.6,0.6,2.2
16,Ashton Hagans,MIN,2,2,0,0,0,0,0,0,0,0,0,0.5,0,0,0,0,0,0,0,0
1,Zion Williamson,NOP,55,33,10.4,16.9,0.617,0.2,0.5,0.3,6,8.6,0.7,2.6,2.3,2.7,4.6,7.3,3.6,0.9,0.7,27
2,Brandon Ingram,NOP,55,34.6,8.6,18.2,0.471,2.3,6.2,0.379,4.8,5.4,0.886,2.5,2,0.5,4.4,4.9,4.9,0.7,0.6,24.3
3,Lonzo Ball,NOP,46,31.1,5.1,12.2,0.42,3,7.9,0.382,0.8,1,0.792,2,2,0.5,3.6,4.1,5.6,1.4,0.6,14.1
4,Eric Bledsoe,NOP,59,29.9,4.1,10,0.409,1.8,5.1,0.352,1.8,2.4,0.722,1.6,1.6,0.4,3,3.4,3.7,0.7,0.3,11.8
5,Nickeil Alexander-Walker,NOP,41,20.7,3.9,9.2,0.418,1.6,4.6,0.348,1,1.3,0.75,1.4,1.9,0.2,2.8,3.1,2,1,0.5,10.2
6,James Johnson,NOP,11,27.2,3.6,8.8,0.412,0.9,3.3,0.278,1.5,2.2,0.708,1.5,3,0.7,3.4,4.1,2.7,0.9,1.3,9.7
7,Josh Hart,NOP,47,28.7,3.2,7.3,0.439,1.3,4.1,0.326,1.5,1.9,0.775,1,2.4,1.1,6.9,8,2.3,0.8,0.3,9.2
8,J.J. Redick,NOP,31,18.6,2.8,6.9,0.407,1.6,4.5,0.364,1.5,1.5,0.957,0.8,1.2,0.1,1.6,1.7,1.3,0.3,0.1,8.7
9,Steven Adams,NOP,56,28,3.4,5.4,0.62,0,0.1,0,1.1,2.4,0.444,1.4,2,3.8,5.2,9,1.9,0.9,0.7,7.8
10,Isaiah Thomas,NOP,3,16.1,3,9,0.333,1,4,0.25,0.7,0.7,1,2,1,0.3,1,1.3,1.7,0.3,0,7.7
11,Willy Hernangomez,NOP,36,15.6,2.8,5,0.553,0,0.2,0.111,1,1.6,0.643,0.5,1.2,2.3,4,6.2,0.9,0.3,0.5,6.5
12,"Kira Lewis, Jr.",NOP,42,16.3,2.5,6.4,0.397,0.8,2.3,0.344,0.6,0.8,0.788,0.6,1.5,0.2,1,1.2,2.3,0.7,0.2,6.5
13,Jaxson Hayes,NOP,48,14.8,2.5,3.8,0.645,0.1,0.1,0.429,1.3,1.7,0.765,0.6,1.7,1.3,2.6,3.9,0.5,0.4,0.5,6.3
14,Naji Marshall,NOP,20,19,1.8,4.8,0.368,0.7,2,0.317,1.7,2.6,0.654,0.8,1.8,0.2,3.3,3.5,2.5,0.7,0.3,5.8
15,Wesley Iwundu,NOP,12,15.6,1.2,3,0.389,0.2,1.3,0.125,1,1.2,0.8,0.9,1.6,0.4,2.4,2.8,0.4,0.4,0.1,3.5
16,James Nunnally,NOP,3,7.8,1,2.3,0.429,0.7,2,0.333,0,0,0,0.3,0,0.3,1,1.3,0,0,0,2.7
17,Nicolo Melli,NOP,22,11,0.7,2.7,0.254,0.3,1.7,0.189,0.3,0.3,0.857,0.3,1.3,0.5,2,2.6,1.1,0.4,0,2
18,Wenyen Gabriel,NOP,10,6.1,0.4,1.4,0.286,0.2,0.7,0.286,0.4,0.7,0.571,0.8,0.5,0.8,1,1.8,0.6,0.1,0.1,1.4
19,Sindarius Thornwell,NOP,14,5.2,0.5,1.5,0.333,0.2,0.6,0.333,0,0.1,0,0.3,0.2,0.1,0.3,0.4,0.3,0.4,0.1,1.2
20,Will Magnay,NOP,1,3.3,0,1,0,0,1,0,0,0,0,1,1,0,0,0,0,0,0,0
1,Julius Randle,NYK,60,37.5,8.4,18.3,0.462,2.2,5.3,0.416,4.9,6.1,0.805,3.5,3.2,1.3,9.2,10.5,6,1,0.2,24
2,R.J. Barrett,NYK,61,34.4,6.5,14.6,0.447,1.5,3.9,0.388,3,4,0.744,2,2.6,1,4.7,5.7,3,0.7,0.3,17.6
3,Derrick Rose,NYK,25,25.8,5.4,11.6,0.46,0.9,2.5,0.365,1.9,2.3,0.842,1.3,1.2,0.3,2.2,2.5,4,1,0.5,13.6
4,Alec Burks,NYK,44,25.8,4.2,10.1,0.414,2,5,0.408,2.2,2.5,0.865,1,2.1,0.4,4.1,4.5,2.2,0.7,0.3,12.6
5,Immanuel Quickley,NYK,56,19.5,3.6,9.3,0.392,1.9,4.8,0.389,2.5,2.8,0.892,0.9,1.8,0.4,1.8,2.2,2.1,0.5,0.2,11.7
6,Elfrid Payton,NYK,52,25.3,4.8,10.8,0.44,0.5,1.8,0.283,1.3,1.9,0.69,1.8,1.8,1.2,2.4,3.6,3.4,0.8,0.2,11.3
7,Reggie Bullock,NYK,54,28.8,3.7,8.3,0.44,2.4,5.9,0.407,0.6,0.7,0.895,0.7,2.2,0.2,3.1,3.4,1.5,0.8,0.2,10.4
8,Mitchell Robinson,NYK,31,27.5,3.7,5.7,0.653,0,0,0,0.8,1.7,0.491,0.8,2.8,3.6,4.5,8.1,0.5,1.1,1.5,8.3
9,Austin Rivers,NYK,21,21.1,2.8,6.4,0.43,1.3,3.7,0.364,0.5,0.7,0.714,1,1.5,0.2,2,2.2,2,0.6,0,7.3
10,Taj Gibson,NYK,34,20.3,2.1,3.4,0.609,0.1,0.4,0.214,0.9,1.3,0.689,0.6,2.1,2.2,3.2,5.5,0.7,0.8,1,5.1
11,Nerlens Noel,NYK,54,23.8,2.2,3.5,0.616,0,0,0,0.8,1.1,0.695,1.1,2.7,2.3,4.2,6.5,0.7,1,2.2,5.1
12,Kevin Knox,NYK,38,11.9,1.4,3.6,0.399,0.9,2.3,0.391,0.4,0.5,0.778,0.4,1,0.3,1.3,1.6,0.5,0.3,0.2,4.2
13,Obi Toppin,NYK,51,11.1,1.6,3.4,0.485,0.4,1.4,0.296,0.3,0.4,0.727,0.4,0.9,0.4,1.8,2.3,0.5,0.2,0.2,4
14,Frank Ntilikina,NYK,24,10.9,1,2.7,0.369,0.8,1.6,0.474,0.3,0.7,0.5,0.4,1.6,0.2,0.8,1,0.6,0.6,0.1,3.1
15,Dennis Smith,NYK,3,9.2,0.7,3.3,0.2,0,1.3,0,1.7,2,0.833,0.3,1.3,0,0.7,0.7,1,1,0,3
16,Norvel Pelle,NYK,4,6.4,0.8,1,0.75,0,0,0,0.2,0.5,0.5,0,0,0.2,1.5,1.8,0,0.2,0.8,1.8
17,Ignas Brazdeikis,NYK,4,1.8,0,0.2,0,0,0,0,0.5,0.5,1,0.2,0,0.2,0.2,0.5,0.2,0,0,0.5
18,Jared Harper,NYK,4,2.3,0,0.5,0,0,0,0,0.5,0.5,1,0.5,0,0,0,0,0,0,0,0.5
19,Theo Pinson,NYK,14,2.2,0.1,0.6,0.111,0,0.6,0,0,0,0,0.1,0.3,0,0.1,0.1,0.1,0,0,0.1
1,Shai Gilgeous-Alexander,OKC,35,33.7,8.2,16.1,0.508,2,4.9,0.418,5.3,6.5,0.808,3,2,0.5,4.2,4.7,5.9,0.8,0.7,23.7
2,Al Horford,OKC,28,27.9,5.8,12.9,0.45,2,5.4,0.368,0.6,0.8,0.818,1,1.7,1,5.7,6.7,3.4,0.9,0.9,14.2
3,Luguentz Dort,OKC,46,29.7,4.8,12,0.402,2.1,6.2,0.346,2.2,3,0.741,1.5,2.5,0.7,3,3.7,1.6,1,0.4,14
4,Darius Bazley,OKC,44,31.2,4.8,12.1,0.401,1.5,5.3,0.289,2,2.8,0.719,2,1,0.8,6.6,7.4,1.5,0.6,0.5,13.2
5,Hamidou Diallo,OKC,32,23.8,4.5,9.3,0.481,0.4,1.3,0.293,2.6,4.1,0.629,1.5,2.6,1.2,4,5.2,2.4,1,0.4,11.9
6,George Hill,OKC,14,26.3,4.4,8.6,0.508,1.6,4.1,0.386,1.5,1.8,0.84,0.9,0.9,0.6,1.5,2.1,3.1,0.9,0.1,11.8
7,Svi Mykhailiuk,OKC,20,23.9,4,8.8,0.457,1.4,4.3,0.337,0.5,0.8,0.667,1.7,0.9,0.6,2.8,3.4,1.8,0.7,0.2,9.9
8,Theo Maledon,OKC,54,27.7,3.4,9.2,0.371,1.6,4.7,0.35,1.4,1.9,0.738,2.1,2.1,0.4,3.1,3.5,3.5,0.9,0.1,9.9
9,Ty Jerome,OKC,27,24.1,3.6,8.5,0.419,2,5.1,0.396,0.7,0.9,0.72,1.4,1.7,0.4,2.4,2.8,3.7,0.6,0.1,9.8
10,Mike Muscala,OKC,35,18.4,3.4,7.6,0.446,1.9,5.3,0.37,0.9,1,0.917,0.6,1.5,0.5,3.2,3.8,0.8,0.2,0.3,9.7
11,Tony Bradley,OKC,15,18.8,3.9,6,0.644,0,0.1,0,1.5,2,0.733,1.4,1.7,2.3,4.1,6.4,0.8,0.5,0.7,9.2
12,Isaiah Roby,OKC,49,23.7,3.5,7,0.5,0.6,1.7,0.341,1.4,2,0.719,1.9,2.7,1.6,4.1,5.7,1.9,0.8,0.7,9
13,Moses Brown,OKC,31,20.3,3.3,6,0.543,0,0,0,1.9,3,0.628,1,2.1,3.3,5,8.3,0.2,0.6,1.1,8.4
14,Kenrich Williams,OKC,60,21.2,3.1,6,0.527,0.8,1.7,0.446,0.6,0.9,0.579,1.1,2.1,1.3,2.9,4.2,2.2,0.8,0.2,7.6
15,Aleksej Pokusevski,OKC,37,23.4,2.8,8.6,0.328,1.2,4.6,0.265,0.6,0.8,0.8,2,1.2,0.7,4,4.7,2,0.4,1.1,7.5
16,Justin Jackson,OKC,33,16.5,2.6,6.4,0.406,1,3.4,0.306,0.9,1.1,0.857,0.9,0.9,0.4,1.7,2.2,1.5,0.5,0.1,7.2
17,Jaylen Hoard,OKC,10,16.5,2.1,4.4,0.477,0,0.5,0,1.7,2.1,0.81,1.4,1.4,1.2,2.2,3.4,0.8,0.6,0.2,5.9
18,Darius Miller,OKC,18,10.9,1.2,2.7,0.458,0.9,2.3,0.405,0.7,0.7,1,0.4,0.7,0.1,1.2,1.3,1.2,0.7,0.3,4.1
19,Josh Hall,OKC,14,12.4,0.6,3.2,0.2,0.1,1.4,0.1,1.2,2.1,0.586,1.1,1.5,0.1,1.9,2,1.3,0,0,2.6
20,Justin Robinson,OKC,9,9.7,0.8,2.3,0.333,0.4,1.6,0.286,0.3,0.6,0.6,0.2,1.1,0.1,0.7,0.8,1,0.3,0,2.3
1,Nikola Vucevic,ORL,44,34.1,9.9,20.6,0.48,2.7,6.5,0.406,2.1,2.5,0.827,1.9,1.8,2,9.8,11.8,3.8,1,0.6,24.5
2,Evan Fournier,ORL,26,30.3,6.5,14.2,0.461,2.8,7.2,0.388,3.8,4.7,0.797,2.1,2.1,0.2,2.7,2.9,3.7,1,0.3,19.7
3,Terrence Ross,ORL,46,29.3,5.5,13.4,0.412,1.9,5.7,0.337,2.6,3,0.87,1.6,1.9,0.3,3.1,3.4,2.3,1,0.5,15.6
4,Aaron Gordon,ORL,25,29.4,5.1,11.7,0.437,1.7,4.5,0.375,2.6,4.2,0.629,2.7,2,1.6,5.1,6.6,4.2,0.6,0.8,14.6
5,"Wendell Carter, Jr.",ORL,14,27.5,5.6,9.9,0.565,0.4,1.3,0.333,2.6,3.6,0.706,1.4,2.3,3.1,6.1,9.1,1.7,1.1,0.9,14.1
6,Markelle Fultz,ORL,8,26.9,5.1,13,0.394,0.5,2,0.25,2.1,2.4,0.895,2.2,2.2,0.6,2.5,3.1,5.4,1,0.2,12.9
7,Cole Anthony,ORL,35,26.7,4.3,11.3,0.386,1.1,3.5,0.303,2,2.4,0.821,1.9,2.1,0.9,3.7,4.5,4.3,0.7,0.5,11.7
8,Gary Harris,ORL,8,26.4,3.2,9.9,0.329,1.1,2.9,0.391,3.1,3.8,0.833,1,1.9,0.5,1,1.5,2.4,0.5,0.4,10.8
9,Dwayne Bacon,ORL,60,25.2,3.9,9.7,0.399,0.9,3,0.309,1.9,2.2,0.844,0.6,1.5,0.3,2.7,3,1.2,0.6,0.1,10.6
10,R.J. Hampton,ORL,15,23.1,3.8,8.7,0.435,0.7,2.6,0.282,1.1,1.8,0.63,1.5,1.5,0.6,3.3,3.9,1.6,0.8,0.3,9.5
11,Michael Carter-Williams,ORL,31,25.8,3.4,8.7,0.389,0.5,2,0.246,1.6,2.6,0.613,2.2,2.6,1.3,3.2,4.5,4.2,0.8,0.5,8.8
12,James Ennis,ORL,39,24.3,2.9,6.1,0.475,1.1,2.6,0.436,1.7,2.1,0.815,0.8,2.1,1.1,3,4.1,1.5,0.8,0.2,8.6
13,Otto Porter,ORL,3,22.2,3,8.3,0.36,0.3,3,0.111,1.7,1.7,1,0,1.3,0,4.7,4.7,1.7,1.3,0,8
14,Chuma Okeke,ORL,43,25,2.8,7,0.403,1,3,0.331,0.7,0.9,0.757,0.8,1,1,3.1,4,2.2,1,0.5,7.3
15,Mohamed Bamba,ORL,36,13.4,2.8,5.9,0.483,0.8,2.3,0.361,0.7,1.1,0.65,0.6,1.8,1.4,3.3,4.8,0.6,0.2,1,7.2
16,Frank Mason,ORL,4,19.8,2.2,6,0.375,0.5,1.2,0.4,1.2,1.8,0.714,1.2,1.8,0.8,2.2,3,3,0,0,6.2
17,Chasson Randle,ORL,29,19.6,1.9,5,0.377,1,2.9,0.353,0.7,0.9,0.778,1.2,1.6,0.1,1.7,1.8,1.9,0.4,0.1,5.6
18,Robert Franks,ORL,6,14,1.7,3.8,0.435,0.7,2.2,0.308,1.5,1.7,0.9,0.3,1.3,1,1.3,2.3,0.7,0.3,0.5,5.5
19,Al-Farouq Aminu,ORL,17,21.6,2.1,5.2,0.404,0.4,1.8,0.226,0.8,1,0.824,1.5,1.3,1.2,4.2,5.4,1.7,1,0.5,5.5
20,Khem Birch,ORL,48,19.8,2,4.4,0.45,0.1,0.4,0.19,1.3,1.8,0.741,0.5,1.4,2.4,2.6,5.1,1.1,0.7,0.6,5.3
21,Devin Cannady,ORL,8,9.3,1.4,3.5,0.393,0.8,2,0.375,0.8,0.9,0.857,0.2,1.1,0,0.6,0.6,0.1,0.6,0.1,4.2
22,Donta Hall,ORL,5,11.7,1.4,2,0.7,0,0,0,1.4,2.2,0.636,0.4,0.8,1.8,2,3.8,1.2,0.6,1.2,4.2
23,Jordan Bone,ORL,14,14,1.6,3.9,0.426,0.7,2.3,0.312,0,0,0,0.2,0.8,0.3,1.4,1.7,1.3,0.1,0,4
24,Gary Clark,ORL,35,18.2,1.1,3.7,0.305,0.9,3.1,0.287,0.2,0.3,0.8,0.5,1,0.9,2.3,3.2,0.9,0.3,0.2,3.4
25,Karim Mane,ORL,10,8.8,0.3,1.3,0.231,0.1,0.2,0.5,0.4,0.5,0.8,0.3,1,0.1,1.3,1.4,0.4,0,0.2,1.1
1,Joel Embiid,PHI,41,32.1,9.4,18.4,0.513,1.2,3.1,0.375,9.9,11.7,0.851,3.2,2.4,2.3,8.8,11.1,3.1,1,1.4,30
2,Tobias Harris,PHI,51,33.1,7.9,15.2,0.519,1.4,3.5,0.403,3.1,3.5,0.887,1.9,2,1,6.2,7.1,3.6,0.9,0.9,20.2
3,Ben Simmons,PHI,48,33.3,5.7,10.4,0.545,0.1,0.2,0.3,3.4,5.5,0.615,3.3,3.1,1.7,6,7.6,7.1,1.6,0.6,14.8
4,Shake Milton,PHI,52,24,4.9,11,0.448,1.1,3.3,0.343,2.4,2.9,0.834,1.8,2.2,0.6,1.8,2.3,3,0.6,0.2,13.4
5,Seth Curry,PHI,47,28.9,4.4,9.9,0.447,2,4.8,0.418,1.3,1.4,0.896,1.2,1.7,0.2,1.9,2.1,2.8,0.8,0.2,12.1
6,Danny Green,PHI,59,28.3,3.3,7.8,0.42,2.6,6.2,0.414,0.5,0.6,0.771,1,1.8,0.8,2.9,3.7,1.7,1.3,0.8,9.6
7,Furkan Korkmaz,PHI,47,19.8,3.2,7.8,0.408,1.9,4.9,0.381,1.2,1.7,0.734,0.9,1.2,0.3,1.8,2.1,1.3,0.9,0.2,9.5
8,Tyrese Maxey,PHI,51,14.8,3.1,6.8,0.447,0.4,1.6,0.262,0.8,1,0.86,0.6,1.2,0.2,1.4,1.5,1.6,0.4,0.2,7.4
9,Dwight Howard,PHI,58,17.4,2.5,4.2,0.586,0.1,0.3,0.25,1.7,3,0.575,1.7,3,2.7,5.7,8.4,0.8,0.4,0.9,6.7
10,George Hill,PHI,4,19.7,2.5,5,0.5,0.5,1,0.5,0.8,1.2,0.6,1.2,1,0.5,1.5,2,1.2,0.2,0.8,6.2
11,Dakota Mathias,PHI,8,15.4,2.4,6,0.396,1,3.2,0.308,0.2,0.8,0.333,0.1,0.9,0.1,0.8,0.9,1.6,0.1,0.4,6
12,Tony Bradley,PHI,20,14.4,2.5,3.8,0.68,0,0.1,0,0.3,0.6,0.636,0.3,1.4,1.9,3.2,5.2,0.8,0.3,0.7,5.5
13,Mike Scott,PHI,41,17.6,1.6,4.2,0.374,1.1,3.2,0.344,0.2,0.3,0.667,0.4,1.5,0.2,2.3,2.6,0.7,0.5,0.2,4.4
14,Matisse Thybulle,PHI,57,20.1,1.5,3.7,0.41,0.6,2.2,0.298,0.1,0.3,0.5,0.4,2,0.5,1.5,2,0.9,1.5,1,3.8
15,Isaiah Joe,PHI,32,9.2,1,3,0.33,0.8,2.4,0.329,0.4,0.5,0.75,0.2,0.8,0.2,0.7,0.9,0.5,0.2,0.1,3.2
16,Mason Jones,PHI,5,4.3,0.8,1.4,0.571,0.2,0.4,0.5,1,1.4,0.714,0,0,0.6,0.2,0.8,0.6,0,0,2.8
17,"Paul Reed, Jr.",PHI,18,6.4,1.3,2.6,0.489,0,0.3,0,0.1,0.2,0.25,0.4,1,0.8,1,1.8,0.3,0.3,0.4,2.6
18,Rayjon Tucker,PHI,11,3.7,0.4,0.7,0.5,0.2,0.3,0.667,1.1,1.3,0.857,0.2,0.4,0.1,0.6,0.7,0.4,0.1,0,2
19,Vincent Poirier,PHI,10,3.9,0.3,1.2,0.25,0,0.1,0,0.2,0.6,0.333,0.4,0.8,0.6,0.8,1.4,0.2,0,0.3,0.8
20,Terrance Ferguson,PHI,13,3.8,0.1,0.5,0.143,0,0.4,0,0,0,0,0.3,0.5,0,0.1,0.1,0.2,0.1,0,0.2
21,Anthony Tolliver,PHI,3,13.3,0,2,0,0,1.3,0,0,0,0,0.7,1.7,1,1,2,0.7,1,0.3,0
22,Ignas Brazdeikis,PHI,1,7.9,0,3,0,0,1,0,0,0,0,0,0,0,2,2,0,0,0,0
1,Devin Booker,PHX,56,33.6,9.2,19.1,0.482,2,5.7,0.349,4.9,5.7,0.861,3.2,2.8,0.4,3.7,4.1,4.5,0.9,0.3,25.3
2,Chris Paul,PHX,59,31.7,6.1,12.5,0.486,1.4,3.7,0.377,2.4,2.6,0.928,2.2,2.4,0.4,4.2,4.6,8.7,1.4,0.2,16
3,Deandre Ayton,PHX,60,30.7,6.5,10.4,0.626,0.1,0.3,0.2,2,2.6,0.763,1.6,2.9,3.4,7.3,10.7,1.4,0.6,1.1,15.1
4,Mikal Bridges,PHX,60,32.5,4.9,9.3,0.525,1.7,4.3,0.398,1.5,1.8,0.822,0.8,1.6,1.1,3.3,4.4,2.2,0.9,0.8,13
5,Cameron Johnson,PHX,54,23.7,3.5,8,0.442,2,5.4,0.374,0.8,0.9,0.878,0.7,1.4,0.5,2.7,3.3,1.5,0.6,0.3,9.9
6,Jae Crowder,PHX,55,27.4,3.3,8.1,0.401,2.4,6.2,0.381,0.9,1.2,0.761,0.9,2,0.5,4.3,4.8,2.1,0.8,0.4,9.8
7,Dario Saric,PHX,41,17.5,3.2,7.1,0.451,1,2.9,0.339,1.7,1.9,0.872,1.2,2,1,3,4,1.3,0.6,0.1,9.1
8,Cameron Payne,PHX,49,17.3,2.8,6,0.464,1,2.5,0.402,0.7,0.8,0.854,1.1,1.7,0.2,2,2.3,3.6,0.6,0.2,7.3
9,Torrey Craig,PHX,20,17,2.7,5,0.535,0.9,2.4,0.383,0.6,0.7,0.786,0.7,1.8,1.3,3.5,4.8,0.8,0.7,0.5,6.8
10,Abdel Nader,PHX,24,14.8,2.4,4.8,0.491,0.8,1.8,0.419,1.2,1.5,0.757,0.8,1.4,0.3,2.3,2.6,0.8,0.4,0.4,6.7
11,Frank Kaminsky,PHX,35,14.4,2.4,5.1,0.461,0.8,1.9,0.403,0.7,1.2,0.585,0.5,1.3,0.7,2.9,3.6,1.6,0.3,0.4,6.2
12,Langston Galloway,PHX,35,10.9,1.6,3.5,0.467,0.9,2,0.451,0.5,0.5,1,0.3,0.7,0.1,0.9,1,0.7,0.2,0,4.7
13,E'Twaun Moore,PHX,24,14.5,1.8,4.2,0.422,0.3,1.2,0.276,0.3,0.4,0.8,0.8,1.3,0.5,1.2,1.8,1.5,0.6,0.2,4.2
14,Jevon Carter,PHX,48,11.1,1.4,3.4,0.412,0.9,2.5,0.361,0,0.1,0.5,0.2,1.1,0.2,1.2,1.5,1.1,0.4,0.2,3.8
15,Damian Jones,PHX,14,6.7,0.6,1.1,0.5,0,0.1,0,0.4,0.8,0.545,0.4,1.4,0.5,0.8,1.3,0.3,0.1,0.4,1.6
16,Jalen Smith,PHX,21,4.2,0.5,1.4,0.367,0.1,0.5,0.182,0,0.1,0.333,0.2,0.5,0.3,0.6,0.9,0.1,0,0.1,1.2
17,Ty-Shon Alexander,PHX,9,3.2,0.2,1.1,0.2,0.1,0.8,0.143,0.1,0.2,0.5,0.1,0.1,0.1,0.4,0.6,0.1,0,0.1,0.7
1,Damian Lillard,POR,55,36,8.8,20.3,0.434,4,10.7,0.374,6.8,7.3,0.923,3.1,1.6,0.5,3.7,4.2,7.5,0.9,0.3,28.4
2,C.J. McCollum,POR,35,34,8.6,19.3,0.446,3.7,9.6,0.389,2.3,2.8,0.825,1.4,1.9,0.7,3.5,4.2,4.8,1.1,0.5,23.3
3,Norman Powell,POR,16,34.4,5.9,13.3,0.446,1.8,5.5,0.33,3.6,4.2,0.851,1.9,2.5,0.9,2.2,3.1,1.9,1.6,0.4,17.2
4,"Gary Trent, Jr.",POR,41,30.8,5.3,12.8,0.414,3,7.4,0.397,1.4,1.8,0.773,0.8,1.5,0.5,1.7,2.2,1.4,0.9,0.1,15
5,Carmelo Anthony,POR,59,24.9,4.8,11.7,0.411,1.9,4.8,0.392,2.1,2.4,0.878,1,2.1,0.5,2.7,3.2,1.5,0.7,0.6,13.5
6,Enes Kanter,POR,60,25.8,5,8.2,0.611,0,0,0,1.9,2.4,0.781,1.2,2.5,4.1,7.3,11.4,1.2,0.5,0.7,11.9
7,Jusuf Nurkic,POR,25,23.3,4.1,8.3,0.493,0.4,1,0.36,1.7,2.7,0.627,2,3,2.2,6.1,8.3,3.4,1,1,10.2
8,Robert Covington,POR,58,32.2,3,7.4,0.407,1.9,5.1,0.38,0.8,0.9,0.83,1.1,2.7,0.8,5.8,6.7,1.7,1.5,1.2,8.7
9,Anfernee Simons,POR,52,16.3,2.6,6.3,0.416,1.9,4.4,0.424,0.7,0.9,0.776,0.7,1.5,0.2,2,2.2,1.4,0.2,0.1,7.8
10,Derrick Jones,POR,53,23.8,2.6,5.5,0.478,0.8,2.5,0.323,1,1.6,0.64,0.5,2.2,1.4,2.4,3.8,0.8,0.7,1,7.1
11,Nassir Little,POR,40,14.2,1.7,3.6,0.466,0.7,1.9,0.365,0.8,1,0.825,0.3,1.2,0.8,2.1,2.9,0.5,0.1,0.3,4.9
12,Rodney Hood,POR,38,19.1,1.9,5.3,0.363,0.7,2.2,0.298,0.2,0.3,0.75,0.8,1.6,0.5,1.4,1.9,1.2,0.5,0.1,4.7
13,Rondae Hollis-Jefferson,POR,5,12.5,0.8,2,0.4,0,0.2,0,1.8,2.8,0.643,0.4,2,1.4,1.2,2.6,1.6,0.4,0.6,3.4
14,Harry Giles,POR,30,10.3,1.1,2.5,0.427,0.2,0.5,0.467,0.5,0.7,0.682,0.6,1.7,1,3,3.9,0.8,0.2,0.3,2.9
15,C.J. Elleby,POR,21,7.3,0.9,2.3,0.388,0.3,1.3,0.222,0.3,0.5,0.636,0.1,1,0.4,0.7,1,0.2,0.3,0.1,2.4
16,Keljin Blevins,POR,10,5.1,0.2,1.4,0.143,0,0.5,0,0,0,0,0.3,0.4,0,0.2,0.2,0.4,0.2,0,0.4
1,De'Aaron Fox,SAC,58,35.1,9.1,19.1,0.477,1.8,5.5,0.322,5.2,7.2,0.719,3,2.9,0.6,2.9,3.5,7.2,1.5,0.5,25.2
2,Buddy Hield,SAC,59,34.4,5.7,14,0.408,4,10.4,0.39,1.2,1.5,0.839,1.7,2.6,0.4,4.1,4.5,3.1,0.8,0.4,16.7
3,Harrison Barnes,SAC,57,36.5,5.5,11.1,0.494,1.7,4.4,0.385,3.4,4.1,0.828,1.6,1.3,1.1,5.5,6.6,3.5,0.8,0.2,16
4,Richaun Holmes,SAC,51,29.8,5.9,9.2,0.642,0,0.2,0.2,2.2,2.8,0.785,1.2,3.6,2.5,6.3,8.9,1.6,0.7,1.6,14.1
5,Marvin Bagley III,SAC,37,25.7,5.6,11.2,0.502,0.9,2.6,0.354,1.6,2.9,0.56,1.3,2.4,2.5,5,7.4,0.9,0.5,0.5,13.9
6,Tyrese Haliburton,SAC,54,30,5,10.5,0.473,2.1,5,0.412,0.8,1,0.846,1.5,1.5,0.7,2.3,3,5.1,1.3,0.5,12.8
7,Hassan Whiteside,SAC,36,15.2,3.5,6.2,0.562,0,0,0,1.1,2.2,0.519,1.1,2,1.7,4.3,6,0.6,0.2,1.3,8.1
8,Terence Davis,SAC,15,17.6,2.9,7,0.419,1.5,4.4,0.348,0.6,0.9,0.692,1.1,1.3,0.2,2.1,2.3,1.1,0.7,0.2,8
9,Delon Wright,SAC,15,21.2,2.7,6,0.444,0.9,2.3,0.412,1.6,1.8,0.889,0.6,0.9,0.7,2.1,2.8,2.3,1.3,0.1,7.9
10,Nemanja Bjelica,SAC,26,16.9,2.7,5.8,0.46,0.7,2.2,0.293,1.2,1.6,0.762,1.1,1.8,0.9,2.9,3.8,1.9,0.3,0.1,7.2
11,Maurice Harkless,SAC,15,23.2,2.4,5.4,0.444,0.7,2.7,0.275,1.1,1.3,0.85,0.7,2.7,0.5,2.1,2.7,1.1,1,0.5,6.7
12,Cory Joseph,SAC,44,21.5,2.5,5.7,0.444,0.7,2.1,0.33,0.8,1.1,0.766,1,2.2,0.6,1.7,2.2,2.5,0.9,0.2,6.6
13,Glenn Robinson,SAC,23,16.1,1.8,4.3,0.424,0.7,1.9,0.364,0.9,1,0.913,0.5,1,0.5,1.5,2,0.9,0.2,0.1,5.3
14,Chimezie Metu,SAC,27,10,2.1,3.8,0.549,0.1,0.4,0.3,0.7,1.1,0.69,0.6,1.5,0.9,1.6,2.5,0.7,0.3,0.6,5
15,DaQuan Jeffries,SAC,18,12.9,1.3,3.2,0.421,0.5,1.6,0.321,0.3,0.4,0.857,0.4,1.3,0.5,1.1,1.6,0.3,0.4,0.2,3.5
16,Damian Jones,SAC,5,14,1,1.6,0.625,0,0,0,1,1.4,0.714,0.8,1.4,0.8,2.2,3,0.6,0.6,0.6,3
17,Norvel Pelle,SAC,1,3.8,0,1,0,0,0,0,3,4,0.75,0,1,1,0,1,1,0,0,3
18,Kyle Guy,SAC,23,6.8,1,2.6,0.383,0.4,1.4,0.303,0.5,0.6,0.846,0.2,0.6,0.1,0.9,1,0.8,0.2,0,2.9
19,Jabari Parker,SAC,3,9.1,1.3,2.3,0.571,0,0.3,0,0,0,0,1,1.3,0.3,1.7,2,0.3,0,0.3,2.7
20,Justin James,SAC,26,5.8,0.7,1.6,0.429,0.2,0.7,0.294,0.2,0.5,0.417,0.2,0.4,0.1,0.3,0.4,0.6,0.1,0,1.8
21,Robert Woodard II,SAC,11,2.6,0.6,1.3,0.5,0.1,0.4,0.25,0.3,0.7,0.375,0.1,0.2,0.3,0.7,1,0,0,0.2,1.6
22,Jahmi'us Ramsey,SAC,5,3.4,0.6,1,0.6,0.2,0.6,0.333,0,0,0,0.2,0,0,0.8,0.8,0.2,0,0.2,1.4
23,Chris Silva,SAC,4,2.4,0.2,0.8,0.333,0,0,0,0,0,0,0.2,1,0,0.5,0.5,0,0,0.2,0.5
1,DeMar DeRozan,SAS,50,34,7.3,14.9,0.492,0.4,1.4,0.257,6.2,7,0.883,2,2,0.8,3.7,4.4,7.2,0.9,0.3,21.2
2,Derrick White,SAS,35,29.8,5.2,12.7,0.41,2.4,6.8,0.351,2.7,3.1,0.855,1.3,2.6,0.4,2.6,3,3.6,0.7,1,15.5
3,Dejounte Murray,SAS,56,31.6,6.4,14.3,0.449,1,3.1,0.333,1.6,2,0.795,1.7,2,0.7,6.2,6.9,5.2,1.6,0.1,15.4
4,LaMarcus Aldridge,SAS,21,25.9,5.5,11.8,0.464,1.3,3.6,0.36,1.5,1.8,0.838,1,1.7,0.8,3.7,4.5,1.7,0.4,0.9,13.7
5,Keldon Johnson,SAS,56,28.6,4.9,10.2,0.477,0.9,2.7,0.342,2,2.8,0.722,1.1,2.1,1.5,5,6.4,1.8,0.6,0.4,12.7
6,Patty Mills,SAS,56,25.4,4,9.4,0.424,2.5,6.5,0.383,1.1,1.2,0.91,1,1.2,0.3,1.4,1.7,2.4,0.7,0,11.6
7,Rudy Gay,SAS,51,21.7,4.1,9.8,0.413,1.6,4.2,0.375,1.3,1.6,0.805,1,1.9,0.7,4.2,4.9,1.5,0.7,0.6,11
8,Lonnie Walker,SAS,47,24.9,4.1,9.9,0.416,1.6,4.6,0.355,1.1,1.3,0.794,1.1,1.8,0.2,2.4,2.6,1.6,0.5,0.3,10.9
9,Jakob Poeltl,SAS,58,26.3,3.8,6.1,0.628,0,0,0,0.9,1.8,0.476,1.3,2.4,3.3,4.7,8,1.9,0.6,1.8,8.5
10,Drew Eubanks,SAS,41,13.8,2,3.6,0.571,0,0,1,1.4,2,0.69,0.9,1.5,1.2,3.1,4.3,0.9,0.3,1,5.5
11,Devin Vassell,SAS,49,16.1,1.8,4.4,0.407,0.9,2.2,0.394,0.6,0.7,0.879,0.4,1.4,0.4,2.2,2.6,0.9,0.8,0.3,5
12,Trey Lyles,SAS,23,15.6,1.9,3.9,0.478,0.6,1.7,0.35,0.7,1,0.652,0.3,0.6,0.4,3.3,3.7,0.6,0.3,0,5
13,Luka Samanic,SAS,27,9.2,1.3,2.9,0.43,0.3,1.4,0.243,0.4,0.9,0.5,0.6,1.3,0.5,1.6,2,0.5,0.3,0.2,3.3
14,Gorgui Dieng,SAS,6,8.5,0.7,1.7,0.4,0.2,0.8,0.2,0.8,1.2,0.714,0.3,1.3,0.3,1.7,2,0.7,0.3,0.2,2.3
15,Keita Bates-Diop,SAS,22,6.9,0.7,1.9,0.381,0.2,0.7,0.333,0.5,0.7,0.733,0.1,0.3,0.2,0.9,1.1,0.4,0.4,0.1,2.2
16,Tre Jones,SAS,29,5.4,0.8,1.7,0.458,0.1,0.1,0.667,0.3,0.3,1,0.4,0.3,0.2,0.3,0.4,0.7,0.2,0,1.9
17,Quinndary Weatherspoon,SAS,17,4.5,0.4,0.9,0.375,0,0.1,0,0.4,0.5,0.875,0.5,0.8,0.1,0.2,0.4,0.3,0.4,0.1,1.1
18,Cam Reynolds,SAS,3,2.1,0.3,0.7,0.5,0,0,0,0,0,0,0,0,0,0,0,0,0,0,0.7
1,Pascal Siakam,TOR,48,35.7,7.5,16.6,0.454,1.3,4.4,0.297,4.7,5.6,0.839,2.2,3.2,1.7,5.6,7.2,4.7,1.1,0.7,21
2,Fred VanVleet,TOR,47,36.2,6.4,16.4,0.394,3.3,9,0.372,3.4,3.8,0.888,1.9,2.4,0.6,3.6,4.1,6.2,1.7,0.8,19.6
3,Norman Powell,TOR,42,30.4,6.7,13.5,0.498,2.8,6.4,0.439,3.4,3.9,0.865,1.8,2.3,0.5,2.5,3,1.8,1.1,0.2,19.6
4,Kyle Lowry,TOR,42,34.7,5.5,12.8,0.428,2.6,7,0.379,3.1,3.5,0.878,2.8,3.1,0.8,4.8,5.5,7.2,1,0.3,16.7
5,"Gary Trent, Jr.",TOR,14,31.2,6.2,14.9,0.416,2.6,7.1,0.364,0.9,1.1,0.812,0.7,1.5,0.1,3.4,3.4,1.4,1.2,0.2,15.9
6,Ogugua Anunoby,TOR,39,33.2,5.5,11.6,0.479,2.4,6,0.402,1.9,2.4,0.777,1.8,2.8,1.3,4.3,5.6,2,1.6,0.7,15.4
7,Chris Boucher,TOR,59,24,4.8,9.2,0.519,1.5,3.8,0.389,2.5,3.2,0.787,0.8,2.8,2,4.8,6.7,1.1,0.6,1.9,13.6
8,Khem Birch,TOR,7,26.3,3.6,6.4,0.556,0.4,1,0.429,1.1,2.1,0.533,0.9,2.1,2.7,3.6,6.3,1.1,0.7,1.4,8.7
9,Henry Ellenson,TOR,2,19.2,2.5,7,0.357,1,4.5,0.222,1.5,2,0.75,0,3.5,1.5,4.5,6,2.5,0,0,7.5
10,Terence Davis,TOR,34,14.5,2.6,6.2,0.414,1.3,3.6,0.361,0.5,0.5,0.889,0.9,1.4,0.3,1.7,1.9,1.1,0.5,0.2,6.9
11,Aron Baynes,TOR,50,18.2,2.4,5.6,0.431,0.4,1.9,0.237,0.5,0.7,0.73,0.9,2.3,1.7,3.4,5.1,0.9,0.3,0.4,5.8
12,Freddie Gillespie,TOR,8,16.9,2.4,3.9,0.613,0,0,0,0.9,1,0.875,0.5,1.9,1.6,2,3.6,0.6,0.5,1.2,5.6
13,Malachi Flynn,TOR,35,16.7,2.1,5.9,0.354,0.9,2.8,0.316,0.5,0.7,0.731,0.8,1.1,0.2,1.8,2,2.6,0.7,0.1,5.6
14,Rodney Hood,TOR,10,15.7,1.7,4.6,0.37,0.8,2.4,0.333,1,1.1,0.909,0.4,1.1,0.3,1.5,1.8,0.4,0.1,0.3,5.2
15,DeAndre' Bembry,TOR,39,18.1,2.1,3.9,0.533,0.2,0.8,0.273,0.8,1.1,0.698,1.3,1.5,0.6,2,2.7,2,0.8,0.4,5.2
16,Paul Watson,TOR,27,11,1.4,3,0.463,1.1,2.4,0.469,0.2,0.3,0.625,0.3,1.3,0.1,1.5,1.7,0.6,0.2,0.1,4.1
17,Yuta Watanabe,TOR,41,13.4,1.4,3.2,0.447,0.6,1.6,0.406,0.5,0.6,0.826,0.4,1.1,0.8,2.4,3.2,0.7,0.5,0.4,4
18,Stanley Johnson,TOR,50,14.6,1.2,2.9,0.395,0.6,1.7,0.345,0.5,0.6,0.828,0.8,1.8,0.4,1.9,2.3,1.2,0.8,0.3,3.4
19,Matt Thomas,TOR,26,7.4,0.9,2.4,0.387,0.7,1.6,0.415,0.2,0.3,0.857,0.2,0.4,0.1,0.7,0.8,0.3,0.1,0,2.7
20,Alex Len,TOR,7,10.8,0.7,1.4,0.5,0.4,0.9,0.5,0.4,0.9,0.5,1.1,1.4,0,1.6,1.6,0.4,0.1,0.9,2.3
21,Patrick McCaw,TOR,5,6.7,0.2,0.2,1,0,0,0,0.6,0.6,1,0,1.2,0.2,0.4,0.6,0.8,0.4,0,1
22,Jalen Harris,TOR,4,3.5,0.2,1,0.25,0.2,0.5,0.5,0,0,0,0.2,0.5,0.2,0.5,0.8,0.5,0.2,0,0.8
1,Donovan Mitchell,UTA,53,33.4,9,20.6,0.438,3.4,8.7,0.386,5,6,0.845,2.8,2.2,0.9,3.5,4.4,5.2,1,0.3,26.4
2,Jordan Clarkson,UTA,56,26,6.4,15.1,0.422,3,8.7,0.349,1.7,1.8,0.922,1.7,1.5,0.7,3.3,4,2.2,0.9,0.2,17.5
3,Mike Conley,UTA,48,29.7,5.6,12.6,0.444,2.7,6.7,0.409,2.4,2.7,0.863,2,2,0.7,2.6,3.3,6,1.4,0.2,16.2
4,Bojan Bogdanovic,UTA,60,30.6,5.2,12.2,0.425,2.5,6.4,0.387,2.9,3.3,0.87,1.6,1.6,0.6,3.3,3.9,1.9,0.6,0.1,15.7
5,Rudy Gobert,UTA,59,31.1,5.5,8.2,0.671,0,0.1,0,3.4,5.5,0.618,1.6,2.4,3.4,10.2,13.6,1.3,0.5,2.8,14.4
6,Joe Ingles,UTA,55,27.4,4.2,8.1,0.517,2.8,5.8,0.487,1.1,1.3,0.857,1.6,1.9,0.4,3.3,3.7,4.4,0.7,0.2,12.3
7,Royce O'Neale,UTA,59,32,2.4,5.5,0.439,1.5,3.9,0.375,0.6,0.7,0.857,1.1,2.7,1.2,5.8,7.1,2.5,0.8,0.5,6.9
8,Georges Niang,UTA,60,14.5,2.1,5,0.433,1.5,3.6,0.41,0.1,0.1,1,0.7,1.6,0.3,2.1,2.4,0.8,0.3,0.1,5.9
9,Derrick Favors,UTA,56,15.5,2.3,3.7,0.617,0,0,0,1,1.3,0.74,0.6,2.2,2,3.4,5.4,0.7,0.5,1,5.5
10,Ersan Ilyasova,UTA,10,8.7,1.2,3.1,0.387,1,2.4,0.417,0.3,0.3,1,0.4,1.6,0.4,1.3,1.7,0.2,0.7,0.2,3.7
11,Matt Thomas,UTA,9,7.8,1.1,3.7,0.303,0.3,2.3,0.143,0,0,0,0.6,0.6,0.2,1,1.2,0.6,0.1,0,2.6
12,Miye Oni,UTA,44,9.1,0.7,1.9,0.353,0.6,1.7,0.333,0.1,0.1,0.833,0.3,1.2,0.4,1.2,1.6,0.4,0.1,0.2,2
13,Elijah Hughes,UTA,13,3.6,0.6,1.7,0.364,0.5,1.3,0.353,0.2,0.3,0.75,0.5,0.1,0,0.5,0.5,0.3,0.1,0.1,1.9
14,Jarrell Brantley,UTA,21,4.5,0.7,1.6,0.455,0.3,1,0.35,0.1,0.1,1,0.1,0.7,0.3,0.7,1,0.3,0.1,0.1,1.9
15,Juwan Morgan,UTA,23,4.9,0.5,1,0.5,0.1,0.5,0.273,0.1,0.3,0.429,0.1,0.8,0.3,0.7,1,0.3,0.2,0,1.2
16,Trent Forrest,UTA,18,6,0.4,1.1,0.4,0,0.2,0,0.1,0.1,1,0.4,0.3,0,0.4,0.4,1.1,0.2,0.1,1
17,Udoka Azubuike,UTA,12,4.1,0.3,0.6,0.571,0,0,0,0.3,0.5,0.667,0.2,0.7,0.3,0.8,1.1,0,0.1,0.3,1
18,Shaquille Harrison,UTA,17,3.3,0.4,1.2,0.3,0,0.1,0,0.3,0.4,0.833,0.3,0.2,0.2,0.4,0.5,0.5,0.1,0,1
1,Bradley Beal,WAS,51,35.5,11,22.6,0.484,2.2,6.4,0.351,7,7.7,0.899,3.3,2.4,1.2,3.7,4.8,4.6,1.2,0.4,31.1
2,Russell Westbrook,WAS,53,35.6,8.3,18.8,0.439,1.3,4.1,0.315,3.9,6.3,0.624,5,2.8,1.6,9.4,11,10.9,1.3,0.3,21.8
3,Thomas Bryant,WAS,10,27.1,5.9,9.1,0.648,0.9,2.1,0.429,1.6,2.4,0.667,1.1,3.1,1.8,4.3,6.1,1.5,0.4,0.8,14.3
4,Rui Hachimura,WAS,47,31.7,5.2,11.2,0.467,0.8,2.5,0.316,2.3,3,0.759,1.3,2.2,0.9,4.8,5.7,1.5,0.8,0.1,13.5
5,Davis Bertans,WAS,45,24.8,3.4,8.4,0.407,3,7.5,0.404,1.7,1.9,0.885,0.6,2.4,0.3,2.7,3,0.9,0.6,0.2,11.6
6,Daniel Gafford,WAS,11,18.5,4.6,7,0.662,0,0,0,2,3.3,0.611,0.8,1.5,2,4.2,6.2,0.5,0.9,2.2,11.3
7,Robin Lopez,WAS,60,19.6,3.6,5.8,0.633,0.1,0.3,0.278,1.4,2,0.708,1.1,1.6,2,1.9,3.9,0.8,0.2,0.6,8.8
8,Raulzinho Neto,WAS,54,21,3.2,7,0.458,1,2.6,0.38,1,1.1,0.852,0.8,1.6,0.4,1.9,2.3,2.2,1.1,0.1,8.4
9,Alex Len,WAS,45,16,2.9,4.6,0.635,0.1,0.4,0.235,1.2,2,0.615,1,2.1,1.2,3,4.1,0.9,0.3,1,7.2
10,Moe Wagner,WAS,25,15,2.5,4.9,0.508,0.5,1.7,0.31,1.6,2.1,0.788,0.8,2.5,0.5,2.4,2.9,1.3,0.9,0.3,7.1
11,Deni Avdija,WAS,54,23.3,2.4,5.8,0.417,1,3.1,0.315,0.5,0.8,0.644,0.6,2.6,0.4,4.4,4.9,1.2,0.6,0.3,6.3
12,Ish Smith,WAS,32,20.2,2.6,6.2,0.41,0.4,1.1,0.361,0.4,0.7,0.522,1,1.3,0.5,2.8,3.3,4.2,0.7,0.3,5.9
13,Garrison Mathews,WAS,54,17.3,1.6,3.9,0.414,1.3,3.2,0.391,1.3,1.4,0.897,0.2,1.8,0.3,1.2,1.5,0.5,0.5,0.1,5.8
14,Chandler Hutchison,WAS,7,17.3,2,5.3,0.378,0.4,1.6,0.273,1.3,1.6,0.818,1.3,1.4,0.4,3.4,3.9,0.7,0.4,0,5.7
15,Jerome Robinson,WAS,17,17.9,1.6,5.6,0.295,0.6,2.5,0.262,0.9,1.2,0.8,1.1,1.8,0.2,2,2.2,1.5,0.7,0.4,4.9
16,"Troy Brown, Jr.",WAS,21,13.7,1.6,4.2,0.371,0.7,2.2,0.304,0.5,0.7,0.667,0.8,1.4,0.5,2.4,2.9,0.9,0.1,0.2,4.3
17,Jordan Bell,WAS,5,13.4,1.4,4,0.35,0,0.4,0,0,0,0,0.6,1,1.2,2.6,3.8,1,0.6,0.6,2.8
18,Cassius Winston,WAS,18,5.1,0.7,1.7,0.419,0.4,0.9,0.5,0.3,0.3,0.833,0.1,0.4,0,0.5,0.5,0.6,0.1,0.1,2.2
19,Isaac Bonga,WAS,37,11.3,0.8,2.1,0.385,0.4,1.2,0.283,0.1,0.2,0.625,0.6,1.6,0.5,1.3,1.8,0.6,0.3,0.2,2.1
20,Anthony Gill,WAS,20,6.5,0.7,1.5,0.433,0.2,0.8,0.235,0.2,0.2,0.8,0.3,0.8,0.6,1.3,1.9,0.3,0.2,0.1,1.7
21,Anzejs Pasecniks,WAS,1,6.3,0,1,0,0,1,0,0,0,0,5,2,1,0,1,1,0,0,0
