Player,TEAM,AGE,WEIGHT,COLLEGE,COUNTRY,DRAFT YEAR,DRAFT ROUND,DRAFT NUMBER,GP,PTS,REB,AST,NETRTG,OREB%,DREB%,USG%,TS%,AST%,HEIGHT
Zion Williamson,NOP,20,284,Duke,USA,2019,1,1,56,26.9,7.2,3.6,0.9,7.9,13.5,28.7,65.5,18.6,79
Zeke Nnaji,DEN,20,240,Arizona,USA,2020,1,22,39,3.1,1.5,0.2,-10.7,3.6,12.7,12.6,61.2,3.2,81
Zach LaVine,CHI,26,200,UCLA,USA,2014,1,13,53,27.5,5.1,5.1,-1.4,1.8,12.5,30.3,63.3,23.2,77
Yuta Watanabe,TOR,26,215,George Washington,Japan,Undrafted,Undrafted,Undrafted,42,4.1,3.2,0.7,1.1,5.5,17.5,11.8,58.9,7.5,81
Yogi Ferrell,LAC,27,178,Indiana,USA,Undrafted,Undrafted,Undrafted,4,8.3,2.0,3.5,5.7,4.2,7.4,21.5,49.7,31.8,72
Xavier Tillman,MEM,22,245,Michigan State,USA,2020,2,35,49,6.8,4.4,1.3,3.0,6.5,16.3,14.1,59.9,9.5,80
Willy Hernangomez,NOP,26,250,None,Spain,2015,2,35,37,6.7,6.4,0.9,1.7,14.1,24.4,16.1,58.4,7.7,83
Willie Cauley-Stein,DAL,27,240,Kentucky,USA,2015,1,6,41,5.6,4.3,0.7,9.3,7.1,16.8,12.7,64.6,5.8,84
Will Magnay,NOP,22,234,None,Australia,Undrafted,Undrafted,Undrafted,1,0.0,0.0,0.0,-148.2,0.0,0.0,20.0,0.0,0.0,82
Will Barton,DEN,30,181,Memphis,USA,2012,2,40,56,12.7,4.0,3.2,6.0,2.4,10.9,18.7,53.8,13.5,78
Wesley Matthews,LAL,34,220,Marquette,USA,Undrafted,Undrafted,Undrafted,50,4.5,1.5,0.9,1.9,1.5,6.3,10.9,49.7,6.4,76
Wes Iwundu,NOP,26,195,Kansas State,USA,2017,2,33,36,2.5,2.2,0.4,-4.3,2.2,13.0,10.3,45.2,4.2,78
Wenyen Gabriel,NOP,24,205,Kentucky,South Sudan,Undrafted,Undrafted,Undrafted,11,2.2,1.7,0.7,5.3,9.2,14.3,16.3,49.8,15.1,81
Wendell Carter Jr.,ORL,22,270,Duke,USA,2018,1,7,47,11.8,8.2,2.0,-8.2,9.0,22.3,18.9,58.8,11.8,82
Wayne Ellington,DET,33,207,North Carolina,USA,2009,1,28,44,9.6,1.9,1.4,-4.0,1.2,7.4,16.0,62.9,9.7,76
Vlatko Cancar,DEN,24,236,None,Slovenia,2017,2,49,34,1.4,1.1,0.3,-21.7,3.0,16.2,12.7,51.6,7.8,80
Vincent Poirier,PHI,27,235,None,France,Undrafted,Undrafted,Undrafted,10,0.8,1.4,0.2,-19.4,13.0,22.2,19.4,27.3,8.0,84
Victor Oladipo,MIA,28,213,Indiana,USA,2013,1,2,33,19.8,4.8,4.6,-2.3,1.0,13.7,28.6,51.2,23.3,76
Vernon Carey Jr.,CHA,20,270,Duke,USA,2020,2,32,15,2.5,1.4,0.1,-7.3,3.4,17.5,17.1,57.9,3.3,81
Udoka Azubuike,UTA,21,280,Kansas,Nigeria,2020,1,27,12,1.0,1.1,0.0,-60.9,7.4,16.4,10.7,62.2,0.0,82
Tyus Jones,MEM,24,196,Duke,USA,2015,1,24,58,6.8,2.1,3.9,-2.8,1.7,9.2,16.7,51.3,30.4,72
Tyrese Maxey,PHI,20,200,Kentucky,USA,2020,1,21,52,7.5,1.5,1.7,-6.2,1.1,9.0,21.9,51.6,19.0,74
Tyrese Haliburton,SAC,21,185,Iowa State,USA,2020,1,12,55,12.8,3.0,5.2,-5.2,2.3,7.7,17.3,58.3,24.1,77
Tyrell Terry,DAL,20,160,Stanford,USA,2020,2,31,11,1.0,0.5,0.5,0.0,0.0,11.8,13.5,31.8,15.8,74
Tyler Johnson,BKN,28,186,Fresno State,USA,Undrafted,Undrafted,Undrafted,32,5.4,1.9,1.0,2.9,0.9,9.6,13.5,56.0,7.7,75
Tyler Herro,MIA,21,195,Kentucky,USA,2019,1,13,48,14.9,4.9,3.4,-5.0,1.5,13.8,22.4,52.9,18.2,77
Tyler Cook,DET,23,255,Iowa,USA,Undrafted,Undrafted,Undrafted,22,3.5,2.5,0.5,-4.0,7.1,14.0,13.5,58.9,6.3,80
Tyler Bey,DAL,23,215,Colorado,USA,2020,2,36,11,0.9,1.2,0.1,-16.7,11.6,20.5,14.1,36.3,4.2,79
Ty-Shon Alexander,PHX,22,195,Creighton,USA,Undrafted,Undrafted,Undrafted,9,0.7,0.6,0.1,10.3,2.8,12.5,17.4,27.6,5.9,75
Ty Jerome,OKC,23,195,Virginia,USA,2019,1,24,28,10.3,2.8,3.6,-8.1,1.4,9.7,17.6,56.7,21.9,77
Troy Brown Jr.,CHI,21,215,Oregon,USA,2018,1,15,34,4.7,3.1,0.9,3.1,3.9,15.8,14.1,52.5,7.6,78
Tristan Thompson,BOS,30,254,Texas-Austin,Canada,2011,1,4,46,7.9,8.1,1.1,2.4,12.4,21.7,15.0,55.4,6.6,81
Trey Lyles,SAS,25,234,Kentucky,Canada,2015,1,12,23,5.0,3.7,0.6,-14.5,2.2,21.3,12.8,57.4,6.0,81
Trey Burke,DAL,28,185,Michigan,USA,2013,1,9,50,6.7,0.9,1.4,-0.3,0.8,5.0,19.0,56.5,14.4,72
Trevor Ariza,MIA,35,215,UCLA,USA,2004,2,43,21,8.7,4.6,1.8,3.0,2.9,14.7,14.5,53.1,8.9,80
Trent Forrest,UTA,22,210,Florida State,USA,Undrafted,Undrafted,Undrafted,19,0.9,0.4,1.1,-21.1,0.0,7.0,11.4,43.1,26.3,76
Tremont Waters,BOS,23,175,Louisiana State,USA,2019,2,51,18,2.8,0.6,2.0,-10.0,2.4,5.7,20.3,53.0,43.4,70
Tre Jones,SAS,21,185,Duke,USA,2020,2,41,29,1.9,0.4,0.7,-21.0,3.0,5.2,17.7,52.9,22.9,73
Trae Young,ATL,22,180,Oklahoma,USA,2018,1,5,54,25.3,3.9,9.6,4.5,1.9,9.3,31.8,58.3,42.8,73
Torrey Craig,PHX,30,221,South Carolina Upstate,USA,Undrafted,Undrafted,Undrafted,39,4.7,3.6,0.9,-6.4,6.7,18.7,13.6,58.5,9.3,79
Tony Snell,ATL,29,213,New Mexico,USA,2013,1,20,40,5.5,2.4,1.3,2.6,1.8,8.9,8.6,72.1,8.3,78
Tony Bradley,OKC,23,248,North Carolina,USA,2017,1,28,35,7.1,5.7,0.8,1.1,12.7,22.0,15.3,67.5,7.2,82
Tomas Satoransky,CHI,29,210,None,Czech Republi...,2012,2,32,49,7.8,2.4,4.9,-1.0,2.3,8.4,14.8,61.6,27.9,79
Tobias Harris,PHI,28,226,Tennessee,USA,2011,1,19,52,20.0,7.1,3.6,6.5,3.0,17.9,23.8,60.5,17.7,80
Timothe Luwawu-Cabarrot,BKN,25,220,None,France,2016,1,24,53,6.6,2.4,1.2,0.3,2.5,9.5,16.4,48.8,8.3,79
Tim Hardaway Jr.,DAL,29,205,Michigan,USA,2013,1,24,59,15.6,3.3,1.7,-0.5,1.0,10.1,22.6,56.6,9.1,77
Tim Frazier,MEM,30,170,Penn State,USA,Undrafted,Undrafted,Undrafted,3,1.3,1.3,2.3,12.1,0.0,11.1,13.6,25.0,30.4,72
Thon Maker,CLE,24,221,None,South Sudan,2016,1,10,8,3.8,2.3,0.5,-10.9,9.3,11.8,14.5,65.7,10.0,84
Thomas Bryant,WAS,23,248,Indiana,USA,2017,2,42,10,14.3,6.1,1.5,-2.1,6.3,16.3,16.3,70.4,7.9,82
Theo Pinson,NYK,25,212,North Carolina,USA,Undrafted,Undrafted,Undrafted,14,0.1,0.1,0.1,-20.5,0.0,5.1,13.2,11.1,7.1,77
Theo Maledon,OKC,19,175,None,France,2020,2,34,55,9.9,3.4,3.5,-15.6,1.3,10.4,18.3,49.3,19.3,76
Thanasis Antetokounmpo,MIL,28,219,None,Greece,2014,2,51,48,3.3,2.5,0.9,3.3,9.9,11.7,14.9,54.8,11.6,78
Thaddeus Young,CHI,32,235,Georgia Tech,USA,2007,1,12,57,12.1,6.2,4.2,4.1,10.6,15.6,21.2,59.8,24.7,80
Terry Rozier,CHA,27,190,Louisville,USA,2015,1,16,57,20.6,4.2,4.1,-2.0,1.5,10.5,23.8,59.4,18.8,73
Terrence Ross,ORL,30,206,Washington,USA,2012,1,8,46,15.6,3.4,2.3,-8.8,1.0,10.4,23.0,53.0,13.3,78
Terrance Ferguson,PHI,22,190,None,USA,2017,1,21,13,0.2,0.1,0.2,-17.8,0.0,2.4,9.4,14.3,5.7,78
Terence Davis,SAC,23,201,Mississippi,USA,Undrafted,Undrafted,Undrafted,50,7.2,2.1,1.1,-3.0,1.4,11.9,20.3,54.4,11.2,76
Terance Mann,LAC,24,215,Florida State,USA,2019,2,48,60,6.8,3.7,1.7,3.1,4.4,14.1,14.2,58.1,11.9,77
Taurean Prince,CLE,27,218,Baylor,USA,2016,1,12,41,9.5,3.5,1.9,-6.1,2.1,13.2,18.9,54.0,12.1,79
Talen Horton-Tucker,LAL,20,234,Iowa State,USA,2019,2,46,56,8.7,2.7,2.5,0.6,1.9,10.9,21.0,52.4,19.3,76
Taj Gibson,NYK,35,232,Southern California,USA,2009,1,26,35,5.2,5.4,0.7,5.8,10.4,15.3,9.6,65.6,5.0,81
Tacko Fall,BOS,25,311,Central Florida,Senegal,Undrafted,Undrafted,Undrafted,15,2.7,2.5,0.1,13.5,12.2,23.5,14.0,67.3,2.5,89
T.J. Warren,IND,27,220,North Carolina State,USA,2014,1,14,4,15.5,3.5,1.3,2.6,1.7,10.6,21.3,56.0,6.0,80
T.J. McConnell,IND,29,190,Arizona,USA,2015,0,,57,8.1,3.6,6.6,2.0,2.8,10.8,14.3,58.4,34.6,73
Svi Mykhailiuk,OKC,23,205,Kansas,Ukraine,2018,2,47,57,7.9,2.5,1.6,-7.9,1.9,10.3,18.1,53.2,12.3,79
Steven Adams,NOP,27,265,Pittsburgh,New Zealand,2013,1,12,56,7.8,9.0,1.9,-0.1,13.5,18.6,11.9,60.2,8.7,83
Sterling Brown,HOU,26,219,Southern Methodist,USA,2017,2,46,51,8.2,4.4,1.4,-5.4,2.9,14.7,13.3,59.7,8.8,77
Stephen Curry,GSW,33,185,Davidson,USA,2009,1,7,53,31.3,5.6,5.8,3.6,1.3,14.0,32.1,66.1,28.3,75
Stanley Johnson,TOR,24,242,Arizona,USA,2015,1,8,51,3.4,2.3,1.2,-6.8,2.8,13.7,11.4,53.5,12.0,78
Spencer Dinwiddie,BKN,28,215,Colorado,USA,2014,2,38,3,6.7,4.3,3.0,29.8,0.0,15.1,15.4,53.6,17.3,77
Solomon Hill,ATL,30,226,Arizona,USA,2013,1,23,61,4.6,3.0,1.0,0.6,2.7,10.9,10.4,49.5,6.1,78
Skylar Mays,ATL,23,205,Louisiana State,USA,2020,2,50,28,3.1,0.9,0.8,3.8,4.4,8.5,19.0,52.4,16.3,76
Sindarius Thornwell,NOP,26,215,South Carolina,USA,2017,2,48,14,1.2,0.4,0.3,5.2,1.3,5.8,14.5,38.8,7.4,76
Shaquille Harrison,DEN,27,190,Tulsa,USA,Undrafted,Undrafted,Undrafted,23,1.5,0.7,0.5,-13.8,2.8,8.8,13.6,43.2,13.2,79
Shake Milton,PHI,24,205,Southern Methodist,USA,2018,2,54,53,13.3,2.3,2.9,4.0,2.2,7.0,24.0,54.6,19.9,77
Shai Gilgeous-Alexander,OKC,22,180,Kentucky,Canada,2018,1,11,35,23.7,4.7,5.9,-7.7,1.5,11.9,28.3,62.3,31.1,78
Seth Curry,PHI,30,185,Duke,USA,Undrafted,Undrafted,Undrafted,48,12.0,2.1,2.8,6.9,0.7,6.4,17.0,57.9,13.1,74
Serge Ibaka,LAC,31,235,None,Republic of t...,2008,1,24,39,10.9,6.7,1.7,8.2,7.9,21.4,19.7,58.2,10.5,82
Semi Ojeleye,BOS,26,240,Southern Methodist,USA,2017,2,37,50,4.8,2.6,0.7,-0.2,3.1,12.0,11.3,56.1,5.5,78
Sekou Doumbouya,DET,20,230,None,France,2019,1,15,48,4.0,2.2,0.7,-6.8,3.8,12.1,16.8,43.8,7.8,80
Sean McDermott,MEM,24,195,Butler,USA,Undrafted,Undrafted,Undrafted,17,2.3,1.1,0.2,-17.8,3.1,8.8,10.2,53.4,4.3,78
Sam Merrill,MIL,24,205,Utah State,USA,2020,2,60,27,3.1,1.0,0.7,-6.5,2.9,9.3,15.1,65.9,14.6,76
Saddiq Bey,DET,22,215,Villanova,USA,2020,1,19,60,11.3,4.2,1.2,-4.3,2.2,14.2,17.7,57.0,7.3,79
Saben Lee,DET,21,183,Vanderbilt,USA,2020,2,38,38,5.2,2.1,3.3,-8.1,2.8,10.7,17.1,53.6,32.9,74
Ryan Arcidiacono,CHI,27,195,Villanova,USA,Undrafted,Undrafted,Undrafted,36,3.0,1.6,1.3,-3.4,1.3,13.6,12.3,50.9,17.9,75
Russell Westbrook,WAS,32,200,UCLA,USA,2008,1,4,54,21.8,11.0,11.0,-3.5,4.4,24.3,30.2,50.1,46.8,75
Rui Hachimura,WAS,23,230,Gonzaga,Japan,2019,1,9,48,13.5,5.7,1.5,-4.0,2.6,14.5,17.7,54.4,6.5,80
Rudy Gobert,UTA,28,258,None,France,2013,1,27,60,14.5,13.5,1.3,15.8,10.8,28.3,16.6,68.2,6.0,85
Rudy Gay,SAS,34,250,Connecticut,USA,2006,1,8,52,11.1,4.9,1.5,5.8,2.9,17.5,22.6,52.6,10.5,80
Royce O'Neale,UTA,27,226,Baylor,USA,Undrafted,Undrafted,Undrafted,60,6.9,7.1,2.6,9.8,3.9,16.8,9.3,59.2,10.2,76
Rondae Hollis-Jefferson,POR,26,217,Arizona,USA,2015,1,23,5,3.4,2.6,1.6,-15.7,8.8,12.0,12.7,52.6,20.5,78
Romeo Langford,BOS,21,216,Indiana,USA,2019,1,14,12,2.3,2.1,0.7,-10.1,5.0,7.9,9.7,38.2,6.7,76
Rodney McGruder,DET,29,205,Kansas State,USA,Undrafted,Undrafted,Undrafted,16,5.7,1.4,1.0,-4.0,4.2,7.8,17.9,61.9,12.8,76
Rodney Hood,TOR,28,208,Duke,USA,2014,1,23,49,4.7,1.9,1.1,-6.3,2.2,8.0,14.1,44.9,8.5,80
Rodions Kurucs,MIL,23,228,None,Latvia,2018,2,40,21,1.5,1.1,0.5,-0.3,3.7,13.4,14.5,45.9,11.5,81
Robin Lopez,WAS,33,281,Stanford,USA,2008,1,15,60,8.8,3.9,0.9,-2.7,9.5,9.3,16.1,66.2,6.4,84
Robert Woodard II,SAC,21,235,Mississippi State,USA,2020,2,40,11,1.6,1.0,0.0,11.8,8.8,24.2,24.4,51.4,0.0,78
Robert Williams III,BOS,23,237,Texas A&M,USA,2018,1,27,47,8.2,7.0,1.8,-1.0,13.8,23.4,14.9,72.1,13.7,80
Robert Franks,ORL,24,225,Washington State,USA,2019,,,7,6.1,2.0,0.7,-14.4,5.3,8.2,14.8,63.8,7.0,79
Robert Covington,POR,30,209,Tennessee State,USA,Undrafted,Undrafted,Undrafted,58,8.7,6.7,1.7,3.3,2.5,18.5,11.8,55.9,6.8,79
Ricky Rubio,MIN,30,190,None,Spain,2009,1,5,58,8.2,3.2,6.6,-7.1,1.3,10.9,15.5,50.1,34.0,75
Richaun Holmes,SAC,27,235,Bowling Green,USA,2015,2,37,52,14.3,8.8,1.6,-0.5,8.6,20.6,16.8,67.7,7.7,82
Reggie Perry,BKN,21,250,Mississippi State,USA,2020,2,57,21,3.6,3.1,0.7,-6.6,11.2,19.6,19.2,47.7,10.1,80
Reggie Jackson,LAC,31,208,Boston College,USA,2011,1,24,59,10.5,2.9,3.2,7.6,1.8,10.9,19.3,57.4,19.1,74
Reggie Bullock,NYK,30,205,North Carolina,USA,2013,1,25,55,10.5,3.3,1.5,1.6,0.7,10.5,14.0,60.2,7.3,78
Rayjon Tucker,PHI,23,209,Arkansas-Little Rock,USA,Undrafted,Undrafted,Undrafted,12,2.0,0.8,0.4,12.4,1.6,16.3,16.0,69.9,16.1,75
Ray Spalding,HOU,24,225,Louisville,USA,2018,2,56,2,2.0,2.0,0.0,-15.9,8.3,8.3,15.7,41.0,0.0,81
Raul Neto,WAS,28,180,None,Brazil,2013,2,47,55,8.3,2.3,2.1,-2.6,1.9,8.7,15.9,55.9,14.2,73
Rajon Rondo,LAC,35,180,Kentucky,USA,2006,1,21,37,4.6,2.2,4.0,1.5,2.1,10.3,15.9,50.6,36.1,73
RJ Barrett,NYK,20,214,Duke,Canada,2019,1,3,62,17.5,5.7,2.9,1.8,2.9,12.9,22.9,53.5,13.2,78
R.J. Hampton,ORL,20,175,None,USA,2020,1,24,41,5.1,2.7,1.0,-18.3,3.0,15.2,17.4,49.3,10.1,76
Quinndary Weatherspoon,SAS,24,205,Mississippi State,USA,2019,2,49,17,1.1,0.4,0.3,-36.2,2.5,5.8,16.1,48.7,12.5,75
Quinn Cook,CLE,28,180,Duke,USA,Undrafted,Undrafted,Undrafted,23,3.3,0.7,0.8,-3.9,1.2,8.4,20.4,53.1,18.4,73
Precious Achiuwa,MIA,21,225,Memphis,Nigeria,2020,1,20,55,5.0,3.6,0.5,-8.3,9.9,17.6,18.2,54.9,6.5,80
Payton Pritchard,BOS,23,195,Oregon,USA,2020,1,26,55,7.3,2.3,1.8,0.2,2.7,9.1,15.6,58.7,13.8,73
Paul Watson,TOR,26,210,Fresno State,USA,Undrafted,Undrafted,Undrafted,27,4.1,1.7,0.6,-1.7,1.2,12.9,13.3,64.9,8.1,78
Paul Reed,PHI,21,210,DePaul,USA,2020,2,58,19,3.0,2.2,0.4,13.5,13.3,15.6,20.0,51.1,8.8,81
Paul Millsap,DEN,36,257,Louisiana Tech,USA,2006,2,47,48,8.9,4.8,1.7,2.8,6.6,17.2,17.7,57.8,10.6,79
Paul George,LAC,30,220,Fresno State,USA,2010,1,10,47,23.7,6.5,5.3,11.2,2.8,16.7,29.6,60.9,24.7,80
Patty Mills,SAS,32,180,St.Mary's College of California,Australia,2009,2,55,57,11.5,1.7,2.5,3.7,1.1,5.1,17.8,58.3,14.3,73
Patrick Williams,CHI,19,215,Florida State,USA,2020,1,4,60,9.1,4.7,1.4,-6.6,3.2,13.3,14.5,55.9,6.7,79
Patrick Patterson,LAC,32,235,Kentucky,USA,2010,1,14,34,5.1,1.9,0.6,5.3,3.0,9.6,13.8,58.5,6.4,80
Patrick McCaw,TOR,25,181,UNLV,USA,2016,2,38,5,1.0,0.6,0.8,-33.0,2.7,7.1,2.6,107.8,19.0,79
Patrick Beverley,LAC,32,180,Arkansas,USA,2009,2,42,31,8.0,3.6,2.1,10.7,4.0,11.5,14.4,59.8,11.9,73
Pat Connaughton,MIL,28,209,Notre Dame,USA,2015,2,41,57,7.1,4.8,1.2,8.0,4.2,14.7,11.5,59.6,6.7,77
Pascal Siakam,TOR,27,230,New Mexico State,Cameroon,2016,1,27,49,21.1,7.2,4.7,4.3,4.4,15.6,25.7,55.3,20.4,81
PJ Dozier,DEN,24,205,South Carolina,USA,Undrafted,Undrafted,Undrafted,46,7.6,3.7,1.8,9.8,3.4,13.9,16.5,50.8,12.0,78
P.J. Washington,CHA,22,230,Kentucky,USA,2019,1,12,53,12.3,6.4,2.6,1.2,4.6,16.4,19.1,55.2,12.8,79
P.J. Tucker,MIL,35,245,Texas-Austin,USA,2006,2,35,41,4.0,4.2,1.2,-6.4,3.5,11.9,7.7,50.0,5.9,77
Otto Porter Jr.,ORL,27,198,Georgetown,USA,2013,1,3,28,9.7,5.4,2.0,-3.0,4.4,19.8,18.4,55.2,13.3,80
Oshae Brissett,IND,22,210,Syracuse,Canada,Undrafted,Undrafted,Undrafted,9,8.4,4.3,0.6,18.8,6.8,14.6,14.5,67.6,3.9,79
Onyeka Okongwu,ATL,20,235,Southern California,USA,2020,1,6,40,3.9,3.0,0.2,-9.2,8.8,18.4,13.5,62.5,3.2,80
Obi Toppin,NYK,23,220,Dayton,USA,2020,1,8,52,4.0,2.3,0.5,1.6,3.7,15.8,15.7,56.3,6.5,81
OG Anunoby,TOR,23,232,Indiana,United Kingdo...,2017,1,23,40,15.5,5.6,2.0,4.0,3.9,12.5,18.9,60.9,9.1,79
Norvel Pelle,NYK,28,231,Iona,USA,Undrafted,Undrafted,Undrafted,8,2.0,1.9,0.1,13.1,9.3,16.9,12.9,54.6,2.3,82
Norman Powell,POR,27,215,UCLA,USA,2015,2,46,58,18.9,3.0,1.9,0.1,1.8,7.8,22.7,62.4,9.3,75
Noah Vonleh,BKN,25,257,Indiana,USA,2014,1,9,4,0.0,0.3,0.3,-63.2,0.0,14.3,21.7,0.0,14.3,82
Nikola Vucevic,CHI,30,260,Southern California,Montenegro,2011,1,16,62,23.9,11.3,3.7,-7.9,5.7,28.5,29.1,57.5,20.5,83
Nikola Jokic,DEN,26,284,None,Serbia,2014,2,41,61,26.2,11.0,8.7,8.0,8.7,23.5,29.0,64.5,38.3,83
Nicolo Melli,DAL,30,236,None,Italy,Undrafted,Undrafted,Undrafted,35,2.3,2.7,1.0,4.0,4.2,17.1,10.9,40.1,10.8,81
Nicolas Claxton,BKN,22,215,Georgia,USA,2019,2,31,25,6.6,5.0,1.1,13.3,7.8,18.1,14.1,58.5,8.3,83
Nicolas Batum,LAC,32,230,None,France,2008,1,25,59,8.2,4.9,2.3,9.6,3.0,14.4,11.6,61.2,10.6,80
Nico Mannion,GSW,20,190,Arizona,Italy,2020,2,48,24,4.3,1.4,2.2,-9.2,1.0,10.5,19.3,48.1,25.5,74
Nickeil Alexander-Walker,NOP,22,205,Virginia Tech,Canada,2019,1,17,41,10.2,3.1,2.0,-2.9,1.1,13.5,22.1,52.4,14.5,78
Nick Richards,CHA,23,245,Kentucky,Jamaica,2020,2,42,17,0.9,0.5,0.1,-10.0,2.9,9.7,10.8,58.4,5.7,84
Nerlens Noel,NYK,27,220,Kentucky,USA,2013,1,6,55,5.1,6.5,0.8,1.4,9.8,16.9,9.4,63.7,4.4,83
Nemanja Bjelica,MIA,32,234,None,Serbia,2010,2,35,35,6.0,3.3,1.7,-8.1,4.6,17.9,17.8,53.7,15.3,82
Naz Reid,MIN,21,264,Louisiana State,USA,Undrafted,Undrafted,Undrafted,60,11.1,4.5,1.1,-10.1,5.1,17.3,21.8,60.1,9.1,81
Nathan Knight,ATL,23,253,William & Mary,USA,Undrafted,Undrafted,Undrafted,28,3.6,2.0,0.2,-5.7,9.1,14.6,20.6,50.6,4.3,82
Nate Hinton,DAL,21,210,Houston,USA,Undrafted,Undrafted,Undrafted,14,1.5,0.4,0.3,-21.5,1.8,7.3,21.7,46.4,16.7,77
Nate Darling,CHA,22,200,Delaware,Canada,Undrafted,Undrafted,Undrafted,6,1.5,0.2,0.2,-56.0,3.6,0.0,14.5,54.1,14.3,78
Nassir Little,POR,21,220,North Carolina,USA,2019,1,25,40,4.9,2.9,0.5,-3.2,4.9,14.9,13.3,59.9,4.9,77
Naji Marshall,NOP,23,220,Xavier,USA,Undrafted,Undrafted,Undrafted,21,5.9,3.7,2.6,0.8,1.4,16.8,14.2,49.3,17.3,79
Myles Turner,IND,25,250,Texas-Austin,USA,2015,1,11,47,12.6,6.5,1.0,1.3,4.3,15.9,16.7,59.9,4.7,83
Mychal Mulder,GSW,26,184,Kentucky,Canada,Undrafted,Undrafted,Undrafted,49,4.0,0.8,0.4,0.3,0.4,6.3,14.3,58.3,4.8,75
Moses Brown,OKC,21,245,UCLA,USA,Undrafted,Undrafted,Undrafted,32,8.5,8.3,0.2,-18.3,14.0,23.2,16.1,57.6,1.4,86
Moritz Wagner,ORL,24,245,Michigan,Germany,2018,1,25,34,5.6,2.7,1.1,0.0,3.5,15.7,17.9,59.2,12.9,83
Montrezl Harrell,LAL,27,240,Louisville,USA,2015,2,32,60,14.0,6.6,1.1,3.1,10.1,16.8,20.9,65.0,7.6,79
Monte Morris,DEN,25,183,Iowa State,USA,2017,2,51,44,10.3,2.2,3.2,7.1,0.9,7.3,15.8,57.2,16.7,74
Mo Bamba,ORL,22,231,Texas-Austin,USA,2018,1,6,37,7.2,4.8,0.6,-11.7,9.2,23.9,21.3,57.3,7.2,84
Miye Oni,UTA,23,206,Yale,USA,2019,2,58,44,2.0,1.6,0.4,8.6,4.5,11.0,10.7,51.3,5.5,77
Mitchell Robinson,NYK,23,240,Western Kentucky,USA,2018,2,36,31,8.3,8.1,0.5,-0.4,12.4,15.5,11.4,64.2,3.0,84
Miles Bridges,CHA,23,225,Michigan State,USA,2018,1,12,60,11.9,6.1,2.1,1.6,4.2,16.2,16.4,62.8,10.5,78
Mike Scott,PHI,32,237,Virginia,USA,2012,2,43,41,4.4,2.6,0.7,0.5,1.2,13.3,11.3,51.3,5.5,79
Mike Muscala,OKC,29,240,Bucknell,USA,2013,2,44,35,9.7,3.8,0.8,0.6,2.8,15.7,19.4,59.9,6.9,82
Mike James,BKN,30,175,Lamar,USA,Undrafted,Undrafted,Undrafted,2,5.0,1.5,1.5,21.3,3.3,7.1,19.7,43.0,14.3,73
Mike Conley,UTA,33,175,Ohio State,USA,2007,1,4,49,16.4,3.4,6.0,15.9,2.4,8.0,22.4,59.0,30.0,73
Mikal Bridges,PHX,24,209,Villanova,USA,2018,1,10,61,13.1,4.4,2.2,6.7,3.7,9.9,14.7,64.6,8.9,78
Michael Porter Jr.,DEN,22,218,Missouri,USA,2018,1,14,51,18.5,7.6,1.0,8.3,5.8,19.1,20.8,66.2,4.7,82
Michael Carter-Williams,ORL,29,190,Syracuse,USA,2013,1,11,31,8.8,4.5,4.2,-2.5,4.4,12.3,19.8,44.9,23.8,77
Mfiondu Kabengele,CLE,23,250,Florida State,Canada,2019,1,27,28,1.3,0.7,0.3,-6.3,0.8,12.6,17.3,41.4,8.8,81
Meyers Leonard,MIA,29,260,Illinois,USA,2012,1,11,3,3.3,2.3,0.7,-1.4,0.0,24.1,15.2,63.5,10.5,84
Maxi Kleber,DAL,29,240,None,Germany,Undrafted,Undrafted,Undrafted,44,7.0,5.3,1.3,4.2,3.4,15.1,10.2,60.3,6.4,82
Max Strus,MIA,25,215,DePaul,USA,Undrafted,Undrafted,Undrafted,33,5.5,0.9,0.5,-7.9,0.8,6.5,17.3,59.4,6.9,77
Maurice Harkless,SAC,27,220,St. John's,USA,2012,1,15,27,4.5,2.1,0.9,-5.5,2.0,9.3,10.3,56.3,6.3,79
Matthew Dellavedova,CLE,30,200,St.Mary's College of California,Australia,Undrafted,Undrafted,Undrafted,13,2.8,1.8,4.5,-3.1,2.9,8.5,12.5,31.2,33.7,75
Matt Thomas,UTA,26,190,Iowa State,USA,Undrafted,Undrafted,Undrafted,35,2.7,0.9,0.4,-8.5,1.8,9.9,17.4,47.9,8.5,76
Matisse Thybulle,PHI,24,201,Washington,USA,2019,1,20,58,3.8,2.0,0.9,3.5,2.5,7.2,8.8,50.7,6.3,77
Mason Plumlee,DET,31,254,Duke,USA,2013,1,22,55,10.3,9.3,3.6,-4.5,9.4,26.7,16.2,63.7,20.3,83
Mason Jones,PHI,22,200,Arkansas,USA,Undrafted,Undrafted,Undrafted,32,5.3,1.7,1.3,-9.9,1.8,14.5,21.7,55.6,21.1,76
Marvin Bagley III,SAC,22,235,Duke,USA,2018,1,2,37,13.9,7.4,0.9,-5.7,9.1,19.5,22.5,55.3,5.3,83
Marquese Chriss,GSW,23,240,Washington,USA,2016,1,8,2,6.5,6.5,1.0,-40.3,7.5,38.5,25.0,41.2,20.0,81
Marques Bolden,CLE,23,249,Duke,USA,2019,,,6,1.2,1.0,0.0,12.3,8.3,8.8,13.6,53.7,0.0,82
Markus Howard,DEN,22,175,Marquette,USA,Undrafted,Undrafted,Undrafted,30,1.1,0.4,0.4,-27.8,0.0,11.2,22.9,32.4,19.4,70
Markieff Morris,LAL,31,245,Kansas,USA,2011,1,13,53,7.2,4.5,1.2,0.5,3.9,17.7,15.9,52.9,8.3,81
Markelle Fultz,ORL,22,209,Washington,USA,2017,1,1,8,12.9,3.1,5.4,-6.5,2.1,9.5,25.0,45.8,29.3,75
Marcus Smart,BOS,27,220,Oklahoma State,USA,2014,1,6,41,13.6,3.4,5.5,3.3,2.2,8.2,18.0,55.8,22.5,75
Marcus Morris Sr.,LAC,31,218,Kansas,USA,2011,1,14,49,13.6,4.2,1.0,4.0,2.5,13.6,19.5,60.6,5.5,80
Marc Gasol,LAL,36,255,None,Spain,2007,2,48,45,5.3,4.1,2.1,3.5,4.1,16.4,12.4,59.2,14.1,83
Mamadi Diakite,MIL,24,228,Virginia,Guinea,Undrafted,Undrafted,Undrafted,12,2.6,2.3,0.5,10.6,5.5,16.8,13.8,49.0,7.9,81
Malik Monk,CHA,23,200,Kentucky,USA,2017,1,11,32,13.1,2.7,1.9,3.2,1.7,10.4,23.6,59.8,13.9,75
Malik Fitts,LAC,23,230,None,USA,Undrafted,Undrafted,Undrafted,3,1.0,1.0,0.0,-27.3,0.0,30.0,12.0,50.0,0.0,80
Malik Beasley,MIN,24,187,Florida State,USA,2016,1,19,37,19.6,4.4,2.4,-7.2,2.1,11.2,23.5,57.0,11.4,76
Malcolm Brogdon,IND,28,229,Virginia,USA,2016,2,36,54,21.6,5.3,6.0,0.3,2.9,11.7,25.7,56.4,27.1,77
Malachi Flynn,TOR,22,175,San Diego State,USA,2020,1,29,36,5.9,2.1,2.6,-1.7,1.2,10.4,17.1,47.1,23.2,73
Luke Kornet,BOS,25,250,Vanderbilt,USA,Undrafted,Undrafted,Undrafted,24,2.8,1.8,0.6,6.6,3.2,14.5,13.2,48.8,8.5,86
Luke Kennard,LAC,24,206,Duke,USA,2017,1,12,56,8.4,2.7,1.7,0.1,1.3,12.4,16.6,61.2,12.1,77
Luka Samanic,SAS,21,227,None,Croatia,2019,1,19,27,3.3,2.0,0.5,-2.6,4.9,16.3,17.9,49.7,7.8,82
Luka Doncic,DAL,22,230,None,Slovenia,2018,1,3,55,28.4,8.0,8.7,3.0,2.2,19.8,34.8,59.0,42.5,79
Luguentz Dort,OKC,22,215,Arizona State,Canada,Undrafted,Undrafted,Undrafted,46,14.0,3.7,1.6,-6.6,2.2,9.6,21.4,52.6,8.4,75
Lou Williams,ATL,34,175,None,USA,2005,2,45,56,12.2,2.0,3.4,2.7,1.4,7.3,24.7,52.6,22.6,73
Lonzo Ball,NOP,23,190,UCLA,USA,2017,1,2,47,14.1,4.2,5.7,0.8,1.7,11.7,19.7,55.9,24.4,78
Lonnie Walker IV,SAS,22,204,Miami,USA,2018,1,18,48,10.7,2.5,1.6,-4.5,0.8,9.4,19.8,51.7,9.4,76
LeBron James,LAL,36,250,None,USA,2003,1,1,41,25.4,7.9,7.9,9.8,1.8,20.6,31.0,60.5,39.2,81
Lauri Markkanen,CHI,23,240,Arizona,Finland,2017,1,7,41,14.3,5.2,0.9,-2.6,2.6,16.9,20.1,61.4,5.2,84
Larry Nance Jr.,CLE,28,245,Wyoming,USA,2015,1,27,35,9.3,6.7,3.1,-5.6,4.9,16.9,13.9,55.7,14.5,79
Langston Galloway,PHX,29,200,St. Joseph's (PA),USA,Undrafted,Undrafted,Undrafted,35,4.7,1.0,0.7,6.3,1.4,7.9,15.7,62.9,8.5,73
Landry Shamet,BKN,24,190,Wichita State,USA,2018,1,26,50,9.3,1.8,1.5,-0.1,0.9,7.0,17.0,58.3,9.5,76
Lamar Stevens,CLE,23,230,Penn State,USA,Undrafted,Undrafted,Undrafted,40,4.1,2.4,0.6,-10.4,4.4,14.5,15.2,52.1,7.9,78
LaMelo Ball,CHA,19,180,None,USA,2020,1,3,41,15.9,5.9,6.1,-2.2,4.4,15.9,24.2,56.2,31.9,78
LaMarcus Aldridge,BKN,35,250,University of Texas at Austin,USA,2006,1,2,26,13.5,4.5,1.9,-2.8,2.7,14.8,22.4,55.6,10.9,83
Kyrie Irving,BKN,29,195,Duke,Australia,2011,1,1,45,27.3,5.0,6.5,6.1,3.1,10.5,29.9,61.3,28.6,74
Kyle Lowry,TOR,35,196,Villanova,USA,2006,1,24,43,16.5,5.5,7.3,-0.2,2.2,13.8,20.8,58.0,30.8,72
Kyle Kuzma,LAL,25,221,Utah,USA,2017,1,27,58,12.9,6.4,1.7,0.1,5.9,16.2,20.3,54.0,9.2,82
Kyle Guy,SAC,23,167,Virginia,USA,2019,2,55,24,2.9,1.0,0.9,9.0,2.2,12.2,18.3,48.8,15.8,73
Kyle Anderson,MEM,27,230,UCLA,USA,2014,1,30,58,12.2,6.0,3.5,0.6,2.9,18.2,18.1,57.1,17.8,81
Kristaps Porzingis,DAL,25,240,None,Latvia,2015,1,4,39,20.4,9.3,1.6,1.1,6.2,22.3,26.1,57.9,8.3,87
Kris Dunn,ATL,27,205,Providence,USA,2016,1,5,1,0.0,1.0,0.0,-14.3,0.0,7.7,20.0,0.0,0.0,75
Kostas Antetokounmpo,LAL,23,200,Dayton,Greece,2018,2,60,14,0.9,1.4,0.1,27.0,6.5,22.7,17.6,38.2,2.3,82
Kira Lewis Jr.,NOP,20,170,Alabama,USA,2020,1,13,43,6.4,1.2,2.3,1.7,1.2,6.0,18.1,48.3,19.8,73
Killian Tillie,MEM,23,220,Gonzaga,France,Undrafted,Undrafted,Undrafted,14,2.6,1.2,0.3,0.0,4.5,8.1,15.3,40.7,4.8,81
Killian Hayes,DET,19,195,None,France,2020,1,7,17,5.7,2.2,4.4,-7.5,1.2,8.3,18.2,39.8,27.2,77
Khris Middleton,MIL,29,222,Texas A&M,USA,2012,2,39,58,20.1,5.9,5.4,5.4,2.5,14.2,24.3,59.0,22.9,79
Khem Birch,TOR,28,233,UNLV,Canada,Undrafted,Undrafted,Undrafted,56,5.9,5.2,1.1,-2.0,10.5,12.9,12.2,53.7,7.8,81
Kevon Looney,GSW,25,222,UCLA,USA,2015,1,30,50,3.9,4.8,1.9,4.7,10.6,15.8,9.7,57.0,14.0,81
Kevin Porter Jr.,HOU,20,203,Southern California,USA,2019,1,30,21,15.5,3.8,6.2,-12.7,1.9,10.2,24.2,51.7,29.2,76
Kevin Love,CLE,32,251,UCLA,USA,2008,1,5,18,11.7,6.4,2.3,-0.3,2.9,25.2,22.4,53.8,14.0,80
Kevin Knox II,NYK,21,215,Kentucky,USA,2018,1,9,38,4.2,1.6,0.5,-3.4,2.1,10.2,15.0,54.1,6.1,79
Kevin Huerter,ATL,22,190,Maryland,USA,2018,1,19,62,12.3,3.3,3.5,0.2,1.8,8.8,16.8,55.1,16.2,79
Kevin Durant,BKN,32,240,Texas-Austin,USA,2007,1,2,25,27.5,6.7,5.2,10.9,1.2,17.7,30.9,67.4,23.8,82
Kenyon Martin Jr.,HOU,20,215,None,USA,2020,2,52,34,6.9,4.6,0.6,-7.9,7.4,14.2,13.7,57.9,4.7,78
Kentavious Caldwell-Pope,LAL,28,204,Georgia,USA,2013,1,8,56,9.7,2.7,1.6,3.5,1.6,8.4,14.3,58.7,8.0,77
Kent Bazemore,GSW,31,195,Old Dominion,USA,Undrafted,Undrafted,Undrafted,57,6.7,3.1,1.6,5.8,2.3,13.7,16.3,56.6,11.8,76
Kenrich Williams,OKC,26,210,TCU,USA,Undrafted,Undrafted,Undrafted,61,7.6,4.2,2.2,-4.3,5.9,12.9,14.4,59.5,14.9,78
Kendrick Nunn,MIA,25,190,Oakland,USA,Undrafted,Undrafted,Undrafted,47,14.0,3.2,2.8,-0.4,1.3,9.8,20.6,58.3,15.0,74
Kemba Walker,BOS,30,184,Connecticut,USA,2011,1,9,39,18.2,3.9,5.0,2.8,1.0,11.4,25.1,54.6,23.9,72
Kelly Oubre Jr.,GSW,25,203,Kansas,USA,2015,1,15,54,15.5,6.0,1.4,-3.5,4.6,13.5,21.4,53.2,6.8,79
Kelly Olynyk,HOU,30,240,Gonzaga,Canada,2013,1,13,60,12.3,6.6,2.3,-1.9,3.9,19.0,17.8,60.6,12.4,83
Keljin Blevins,POR,25,200,Montana State,USA,2019,,,10,0.4,0.2,0.4,-9.5,0.0,3.1,13.2,14.3,12.1,76
Keldon Johnson,SAS,21,220,Kentucky,USA,2019,1,29,57,12.9,6.4,1.8,-1.8,4.9,17.0,18.7,55.9,8.6,77
Kelan Martin,IND,25,230,Butler,USA,Undrafted,Undrafted,Undrafted,23,2.1,1.3,0.3,20.8,6.4,14.8,18.0,47.9,8.2,77
Keita Bates-Diop,SAS,25,229,Ohio State,USA,2018,2,48,22,2.2,1.1,0.4,-13.7,3.2,12.6,14.4,49.4,9.6,80
Kawhi Leonard,LAC,29,225,San Diego State,USA,2011,1,15,46,25.7,6.7,5.1,11.8,3.5,16.5,28.6,62.2,23.3,79
Karl-Anthony Towns,MIN,25,248,Kentucky,USA,2015,1,1,40,24.7,10.9,4.5,-2.6,7.4,24.4,28.2,61.6,21.6,83
Karim Mane,ORL,20,190,None,Senegal,Undrafted,Undrafted,Undrafted,10,1.1,1.4,0.4,-12.0,1.0,15.1,8.5,36.2,6.1,75
KZ Okpala,MIA,21,215,Stanford,USA,2019,2,32,31,2.4,1.9,0.5,-9.5,4.5,10.8,11.7,40.8,5.6,80
Juwan Morgan,UTA,24,232,Indiana,USA,Undrafted,Undrafted,Undrafted,23,1.2,1.0,0.3,-31.0,5.1,13.4,9.9,55.8,10.4,79
Jusuf Nurkic,POR,26,290,None,Bosnia and He...,2014,1,16,25,10.2,8.3,3.4,3.8,8.7,26.5,20.6,53.9,21.3,83
Justise Winslow,MEM,25,222,Duke,USA,2015,1,10,21,6.7,4.3,1.9,-4.8,3.1,17.6,21.1,37.9,13.1,78
Justin Robinson,OKC,23,195,Virginia Tech,USA,2019,,,9,2.3,0.8,1.0,-22.0,1.1,6.7,11.1,45.3,15.0,73
Justin Patton,HOU,23,241,Creighton,USA,2017,1,16,13,5.4,3.8,1.1,-14.1,4.7,14.2,12.8,48.8,8.4,83
Justin James,SAC,24,190,Wyoming,USA,2019,2,40,26,1.8,0.4,0.6,-7.8,1.7,5.1,14.2,48.6,13.9,79
Justin Jackson,MIL,26,220,North Carolina,USA,2017,1,15,33,7.2,2.2,1.5,-3.7,2.4,9.9,19.9,51.9,14.4,80
Justin Holiday,IND,32,180,Washington,USA,Undrafted,Undrafted,Undrafted,60,10.5,3.7,1.6,-0.8,1.5,10.0,13.9,55.9,7.0,78
Julius Randle,NYK,26,250,Kentucky,USA,2014,1,7,61,23.9,10.4,6.0,3.0,3.4,23.3,28.0,57.1,26.4,80
Juancho Hernangomez,MIN,25,214,None,Spain,2016,1,15,43,7.0,3.9,0.6,-5.6,4.7,18.2,16.4,56.3,5.4,81
Juan Toscano-Anderson,GSW,28,209,Marquette,USA,Undrafted,Undrafted,Undrafted,42,5.3,4.0,2.4,4.0,3.0,16.9,11.0,68.2,17.0,78
Jrue Holiday,MIL,30,205,UCLA,USA,2009,1,17,48,17.2,4.5,5.7,9.4,3.7,9.4,21.3,59.7,24.5,75
Josh Richardson,DAL,27,200,Tennessee,USA,2015,2,40,48,12.3,3.5,2.8,-1.0,2.7,8.0,17.5,54.2,12.5,77
Josh Okogie,MIN,22,213,Georgia Tech,Nigeria,2018,1,20,49,5.7,2.6,1.1,-6.1,4.2,7.7,12.1,52.4,6.9,76
Josh Jackson,DET,24,207,Kansas,USA,2017,1,4,56,13.7,4.0,2.2,-1.8,3.5,12.2,25.5,52.2,14.4,80
Josh Hart,NOP,26,215,Villanova,USA,2017,1,30,47,9.2,8.0,2.3,-0.2,3.9,23.4,13.3,56.6,10.9,77
Josh Hall,OKC,20,190,None,USA,Undrafted,Undrafted,Undrafted,14,2.6,2.0,1.3,-10.2,0.5,14.0,17.4,32.0,15.1,81
Josh Green,DAL,20,200,Arizona,Australia,2020,1,18,29,2.2,1.9,0.5,0.9,5.9,12.0,11.5,47.4,6.4,77
Jordan Poole,GSW,21,194,Michigan,USA,2019,1,28,40,10.9,1.6,1.9,-0.3,1.0,7.0,23.9,56.9,16.4,76
Jordan Nwora,MIL,22,225,Louisville,USA,2020,2,45,25,5.5,1.8,0.3,5.0,1.8,14.5,24.9,58.4,4.5,80
Jordan McLaughlin,MIN,25,185,Southern California,USA,Undrafted,Undrafted,Undrafted,42,5.0,2.1,4.1,-6.7,1.9,8.7,13.3,48.0,30.8,71
Jordan Clarkson,UTA,28,194,Missouri,USA,2014,2,46,57,17.4,4.0,2.3,8.3,2.7,11.7,28.2,54.4,14.1,76
Jordan Bone,ORL,23,180,Tennessee,USA,2019,2,57,14,4.0,1.7,1.3,-14.3,1.8,10.2,12.1,51.9,14.3,74
Jordan Bell,WAS,26,216,Oregon,USA,2017,2,38,5,2.8,3.8,1.0,-20.2,7.1,19.7,14.4,35.0,11.9,80
Jontay Porter,MEM,21,240,Missouri,USA,Undrafted,Undrafted,Undrafted,8,1.4,1.1,0.1,-10.5,5.7,25.0,22.7,53.3,10.0,83
Jonas Valanciunas,MEM,28,265,None,Lithuania,2011,1,5,52,17.0,12.3,1.8,3.8,13.5,28.9,22.3,62.4,9.7,83
John Wall,HOU,30,210,Kentucky,USA,2010,1,1,40,20.6,3.2,6.9,-5.7,1.2,8.4,31.6,50.3,36.5,75
John Konchar,MEM,25,210,Indiana-Purdue Fort Wayne,USA,Undrafted,Undrafted,Undrafted,35,3.7,2.8,1.1,-0.4,4.9,15.7,11.8,56.7,10.4,77
John Collins,ATL,23,235,Wake Forest,USA,2017,1,19,53,17.8,7.7,1.3,3.1,6.8,18.2,21.4,63.4,7.0,81
Joel Embiid,PHI,27,280,Kansas,Cameroon,2014,1,3,42,29.8,11.0,3.1,11.2,7.7,25.9,35.5,63.8,16.6,84
Joe Ingles,UTA,33,220,None,Australia,Undrafted,Undrafted,Undrafted,56,12.2,3.7,4.4,11.5,1.5,11.1,15.9,70.0,22.4,80
Joe Harris,BKN,29,220,Virginia,USA,2014,2,33,61,14.4,3.6,1.9,7.2,2.2,9.0,15.8,67.4,8.0,78
Jimmy Butler,MIA,31,230,Marquette,USA,2011,1,30,45,21.5,7.0,7.3,3.9,5.5,15.3,26.1,60.1,36.1,79
Jevon Carter,PHX,25,200,West Virginia,USA,2018,2,32,49,3.8,1.4,1.1,1.9,2.1,10.9,14.4,55.1,13.7,73
Jerome Robinson,WAS,24,190,Boston College,USA,2018,1,13,17,4.9,2.2,1.5,-13.1,1.1,10.5,16.1,40.0,11.4,76
Jeremy Lamb,IND,28,180,Connecticut,USA,2012,1,12,36,10.1,3.6,1.5,-0.3,3.2,13.7,18.0,58.7,9.4,77
Jerami Grant,DET,27,210,Syracuse,USA,2014,2,39,53,22.5,4.6,2.8,-2.7,1.8,11.8,27.8,55.6,14.6,80
Jeff Teague,MIL,32,195,Wake Forest,USA,2009,1,19,46,6.6,1.7,2.4,3.1,1.6,7.7,16.8,54.4,17.8,75
Jeff Green,BKN,34,235,Georgetown,USA,2007,1,5,57,10.4,3.7,1.6,3.6,1.8,11.4,15.0,60.0,8.1,80
Jayson Tatum,BOS,23,210,Duke,USA,2017,1,3,55,25.7,7.4,4.3,3.2,2.0,19.1,29.6,56.9,19.6,80
Jaylen Nowell,MIN,21,201,Washington,USA,2019,2,43,38,9.5,2.3,1.6,-7.1,2.2,9.7,20.8,53.0,13.4,76
Jaylen Hoard,OKC,22,216,Wake Forest,France,Undrafted,Undrafted,Undrafted,11,5.6,3.5,0.8,-11.1,7.7,11.4,16.6,51.7,7.6,80
Jaylen Brown,BOS,24,223,California,USA,2016,1,3,54,24.4,5.8,3.4,2.0,3.5,13.2,28.9,59.2,16.5,78
Jaylen Adams,MIL,24,225,St. Bonaventure,USA,Undrafted,Undrafted,Undrafted,7,0.3,0.4,0.3,-31.0,0.0,14.3,17.8,12.5,20.0,72
Jaxson Hayes,NOP,20,220,Texas-Austin,USA,2019,1,8,49,6.3,3.9,0.5,0.4,8.3,16.4,14.2,68.9,5.4,83
Javonte Green,CHI,27,205,Radford,USA,Undrafted,Undrafted,Undrafted,31,3.5,1.9,0.4,-5.0,5.7,10.3,12.0,59.2,4.8,76
Jarrett Culver,MIN,22,195,Texas Tech,USA,2019,1,6,34,5.3,3.1,0.7,-10.7,5.9,13.2,17.9,47.6,7.9,78
Jarrett Allen,CLE,23,243,Texas-Austin,USA,2017,1,22,52,13.2,9.8,1.6,-4.3,10.5,23.0,16.5,68.5,8.4,83
Jarrell Brantley,UTA,24,250,College of Charleston,USA,2019,2,50,21,1.9,1.0,0.3,-4.5,5.8,12.1,16.4,57.6,10.3,77
Jarred Vanderbilt,MIN,22,214,Kentucky,USA,2018,2,41,54,5.1,5.4,1.2,-4.9,9.2,20.9,12.4,59.5,10.4,81
Jaren Jackson Jr.,MEM,21,242,Michigan State,USA,2018,1,4,3,16.0,6.0,1.0,2.6,6.9,21.9,30.2,57.1,6.7,83
Jared Harper,NYK,23,175,Auburn,USA,Undrafted,Undrafted,Undrafted,4,0.5,0.0,0.0,-18.6,0.0,0.0,20.0,34.7,0.0,70
Jared Dudley,LAL,35,237,Boston College,USA,2007,1,22,11,0.5,1.7,0.5,-0.7,4.9,20.0,4.8,42.9,8.3,78
James Wiseman,GSW,20,240,Memphis,USA,2020,1,2,39,11.5,5.8,0.7,-8.8,6.3,19.0,23.1,55.2,5.0,84
James Nunnally,NOP,30,205,California-Santa Barbara,USA,Undrafted,Undrafted,Undrafted,4,2.8,1.0,0.0,-20.9,3.0,12.5,13.2,68.8,0.0,79
James Johnson,NOP,34,240,Wake Forest,USA,2009,1,16,40,6.8,3.3,2.0,-4.0,2.6,12.8,16.3,51.4,14.1,79
James Harden,BKN,31,220,Arizona State,USA,2009,1,3,42,25.2,8.0,10.9,2.7,2.4,19.1,28.6,61.6,43.9,77
James Ennis III,ORL,30,215,California State-Long Beach,USA,2013,2,50,39,8.6,4.1,1.5,-4.7,4.2,12.2,13.7,61.5,8.7,78
Jamal Murray,DEN,24,215,Kentucky,Canada,2016,1,7,48,21.2,4.0,4.8,8.0,2.3,9.5,24.4,59.2,19.7,75
Jalen Smith,PHX,21,215,Maryland,USA,2020,1,10,21,1.2,0.9,0.1,-1.5,6.7,13.1,17.2,39.9,3.5,82
Jalen McDaniels,CHA,23,205,San Diego State,USA,2019,2,52,35,6.5,2.8,1.0,-6.3,3.8,12.8,17.9,53.5,9.2,81
Jalen Lecque,IND,20,185,None,USA,Undrafted,Undrafted,Undrafted,4,1.3,1.3,0.5,-14.8,8.3,20.0,26.3,24.2,33.3,76
Jalen Harris,TOR,22,195,Nevada,USA,2020,2,59,4,0.8,0.8,0.5,29.8,5.0,16.7,12.8,37.5,14.3,77
Jalen Brunson,DAL,24,190,Villanova,USA,2018,2,33,56,12.5,3.6,3.5,4.3,1.8,11.7,19.4,61.6,20.8,73
Jakob Poeltl,SAS,25,245,Utah,Austria,2016,1,9,59,8.5,8.0,1.9,3.9,11.9,17.3,13.1,62.1,9.4,85
Jake Layman,MIN,27,209,Maryland,USA,2016,2,47,42,5.3,1.5,0.7,-5.7,2.0,8.2,14.7,57.8,7.0,80
Jahmi'us Ramsey,SAC,19,190,Texas Tech,USA,2020,2,43,5,1.4,0.8,0.2,26.4,0.0,22.2,13.3,70.0,6.3,75
Jahlil Okafor,DET,25,270,Duke,USA,2015,1,3,19,4.4,2.1,0.6,-15.6,6.1,11.6,15.8,63.3,9.8,82
Jae'Sean Tate,HOU,25,230,Ohio State,USA,Undrafted,Undrafted,Undrafted,61,11.0,5.3,2.3,-3.3,6.2,11.4,15.3,58.3,11.6,76
Jae Crowder,PHX,30,235,Marquette,USA,2012,2,34,55,9.8,4.8,2.1,6.0,2.0,15.0,15.1,56.7,10.4,78
Jaden McDaniels,MIN,20,185,Washington,USA,2020,1,28,55,6.8,3.7,1.1,-4.3,3.2,12.1,12.2,54.5,6.3,81
Jabari Parker,BOS,26,245,Duke,USA,2014,1,2,8,4.9,3.0,0.9,-6.7,6.4,16.7,17.1,56.1,11.7,80
JaVale McGee,DEN,33,270,Nevada-Reno,USA,2008,1,18,38,7.6,5.1,0.9,-6.2,10.1,22.9,23.4,55.4,10.6,84
JaMychal Green,DEN,30,227,Alabama,USA,Undrafted,Undrafted,Undrafted,48,8.1,4.9,0.8,5.0,7.3,18.5,17.3,60.2,6.0,80
JaKarr Sampson,IND,28,214,St. John's,USA,Undrafted,Undrafted,Undrafted,23,3.7,2.4,0.1,10.5,7.8,15.9,17.2,49.4,1.2,79
Ja Morant,MEM,21,174,Murray State,USA,2019,1,2,52,19.7,3.9,7.3,2.2,2.7,9.0,27.3,54.7,32.3,75
JJ Redick,DAL,36,200,Duke,USA,2006,1,11,38,8.2,1.6,1.2,-2.8,0.6,8.7,18.2,58.4,9.3,75
Ivica Zubac,LAC,24,240,None,Croatia,2016,2,32,63,9.1,7.3,1.2,3.2,12.3,20.0,14.8,68.4,7.6,84
Ish Smith,WAS,32,175,Wake Forest,USA,Undrafted,Undrafted,Undrafted,33,5.9,3.2,4.3,1.8,2.2,12.8,15.1,44.9,27.6,72
Isaiah Thomas,NOP,32,185,Washington,USA,2011,2,60,3,7.7,1.3,1.7,6.7,1.9,5.2,27.4,41.2,16.7,69
Isaiah Stewart,DET,19,250,Washington,USA,2020,1,16,60,7.4,6.6,0.9,-0.3,11.3,19.7,14.4,61.0,6.6,80
Isaiah Roby,OKC,23,230,Nebraska-Lincoln,USA,2019,2,45,50,9.0,5.7,1.9,-12.1,6.4,16.7,17.3,56.4,12.7,80
Isaiah Joe,PHI,21,165,Arkansas,USA,2020,2,49,33,3.2,0.9,0.5,0.8,1.7,7.7,15.5,47.3,7.7,76
Isaiah Hartenstein,CLE,22,250,None,Germany,2017,2,43,44,5.1,4.0,1.1,5.3,11.6,21.0,18.3,60.0,13.6,84
Isaac Okoro,CLE,20,225,Auburn,USA,2020,1,5,56,8.4,2.8,1.8,-7.9,3.1,6.2,13.0,51.6,7.9,77
Isaac Bonga,WAS,21,180,None,Germany,2018,2,39,37,2.1,1.8,0.6,-2.9,4.3,10.0,10.1,47.8,7.1,80
Immanuel Quickley,NYK,21,190,Kentucky,USA,2020,1,25,57,11.6,2.2,2.1,6.4,2.1,9.0,24.9,55.6,17.5,75
Iman Shumpert,BKN,30,212,Georgia Tech,USA,2011,1,17,2,1.0,0.5,0.0,-4.3,7.7,0.0,18.5,25.0,0.0,77
Ignas Brazdeikis,PHI,22,221,Michigan,Canada,2019,2,47,5,0.4,0.8,0.2,6.7,5.3,20.0,16.2,20.5,10.0,78
Henry Ellenson,TOR,24,240,Marquette,USA,2016,1,18,2,7.5,6.0,2.5,10.6,6.1,20.5,16.7,47.6,20.8,82
Hassan Whiteside,SAC,31,265,Marshall,USA,2010,2,33,36,8.1,6.0,0.6,-8.1,10.9,26.9,22.7,56.6,5.8,84
Harry Giles III,POR,23,240,Duke,USA,2017,1,20,30,2.9,3.9,0.8,-8.7,8.5,25.4,14.1,50.8,11.1,83
Harrison Barnes,SAC,28,225,North Carolina,USA,2012,1,7,58,16.1,6.6,3.5,-1.8,3.1,15.2,16.9,62.6,12.8,80
Hamidou Diallo,DET,22,202,Kentucky,USA,2018,2,45,47,10.9,4.9,2.0,-8.5,5.0,15.1,21.6,53.0,13.9,77
Greg Whittington,DEN,28,210,Georgetown,USA,Undrafted,Undrafted,Undrafted,4,0.0,0.0,0.0,33.3,0.0,0.0,10.3,0.0,0.0,80
Grayson Allen,MEM,25,198,Duke,USA,2018,1,21,47,11.1,3.3,2.1,0.4,1.4,10.6,16.6,59.2,11.3,76
Grant Williams,BOS,22,236,Tennessee,USA,2019,1,22,53,4.4,2.9,1.0,-0.6,4.1,11.0,11.3,53.5,7.4,78
Grant Riller,CHA,24,190,College of Charleston,USA,2020,2,56,5,2.8,0.0,0.6,-2.3,0.0,0.0,21.7,77.8,37.5,74
Gorgui Dieng,SAS,31,252,Louisville,Senegal,2013,1,21,29,6.7,3.9,1.1,-4.3,6.9,18.6,16.2,67.1,11.6,82
Gordon Hayward,CHA,31,225,Butler,USA,2010,1,9,44,19.6,5.9,4.1,0.7,2.4,14.3,23.5,58.4,18.9,79
Goran Dragic,MIA,34,190,None,Slovenia,2008,2,45,41,12.9,3.5,4.4,0.6,1.8,11.3,23.4,54.9,27.5,75
Goga Bitadze,IND,21,250,None,Georgia,2019,1,18,37,5.1,3.2,0.7,0.0,10.0,16.1,17.7,54.7,8.4,83
Glenn Robinson III,SAC,27,222,Michigan,USA,2014,2,40,23,5.3,2.0,0.9,-17.3,2.8,9.4,13.5,55.4,7.5,78
Giannis Antetokounmpo,MIL,26,242,None,Greece,2013,1,15,51,28.5,11.4,6.0,10.5,5.0,26.8,32.2,63.2,28.5,83
Georges Niang,UTA,27,230,Iowa State,USA,2016,2,50,61,6.1,2.5,0.7,13.0,2.6,12.7,16.6,58.9,7.0,79
George Hill,PHI,34,188,Indiana-Purdue Indianapolis,USA,2008,1,26,19,10.1,2.0,2.7,-2.8,2.4,5.5,16.7,61.9,16.6,76
Gary Trent Jr.,TOR,22,209,Duke,USA,2018,2,37,55,15.2,2.5,1.4,-1.2,1.2,6.8,20.1,54.1,6.8,77
Gary Payton II,GSW,28,195,Oregon State,USA,Undrafted,Undrafted,Undrafted,9,2.3,0.9,0.0,0.0,8.0,17.6,19.7,82.3,0.0,75
Gary Harris,ORL,26,210,Michigan State,USA,2014,1,19,28,10.3,2.1,1.9,1.5,2.1,5.3,15.7,51.7,8.5,76
Gary Clark,DEN,26,225,Cincinnati,USA,Undrafted,Undrafted,Undrafted,37,3.2,3.1,0.8,-7.8,4.5,12.4,9.8,43.9,6.4,78
Garrison Mathews,WAS,24,215,Lipscomb,USA,Undrafted,Undrafted,Undrafted,55,5.7,1.5,0.5,-6.9,1.6,6.5,11.0,63.2,3.4,77
Garrett Temple,CHI,34,195,Louisiana State,USA,Undrafted,Undrafted,Undrafted,45,7.8,2.8,2.2,3.5,1.9,8.4,13.0,53.2,10.0,77
Gabe Vincent,MIA,24,200,California-Santa Barbara,USA,Undrafted,Undrafted,Undrafted,43,4.9,1.1,1.3,-5.9,1.5,6.2,18.3,47.7,14.4,75
Furkan Korkmaz,PHI,23,202,None,Turkey,2016,1,26,48,9.5,2.0,1.4,4.6,1.2,9.0,19.5,55.4,10.0,79
Freddie Gillespie,TOR,23,245,Baylor,USA,Undrafted,Undrafted,Undrafted,9,5.7,3.4,0.6,-8.8,9.7,11.0,13.0,66.6,5.3,81
Fred VanVleet,TOR,27,197,Wichita State,USA,Undrafted,Undrafted,Undrafted,48,19.4,4.2,6.2,4.2,1.5,10.0,23.4,54.1,26.3,73
Frank Ntilikina,NYK,22,200,None,France,2017,1,8,24,3.1,1.0,0.6,-3.1,1.9,7.8,13.6,51.4,9.3,76
Frank Mason,ORL,27,190,Kansas,USA,2017,2,34,4,6.3,3.0,3.0,-11.1,3.3,10.3,17.0,46.2,21.8,71
Frank Kaminsky,PHX,28,240,Wisconsin,USA,2015,1,9,36,6.1,3.6,1.6,5.4,4.8,19.3,18.4,55.0,15.1,84
Frank Jackson,DET,22,205,Duke,USA,2017,2,31,33,8.7,2.0,0.7,0.3,2.2,9.4,20.2,60.9,6.7,75
Facundo Campazzo,DEN,30,195,None,Argentina,Undrafted,Undrafted,Undrafted,55,5.3,1.7,3.1,2.6,1.5,6.9,12.3,54.8,20.4,70
Evan Fournier,BOS,28,205,None,France,2012,1,20,32,17.5,2.7,3.4,-2.2,0.6,8.4,23.8,59.0,17.4,79
Ersan Ilyasova,UTA,33,235,None,Turkey,2005,2,36,11,4.1,1.7,0.2,1.1,4.0,15.3,18.5,60.3,3.1,81
Eric Paschall,GSW,24,255,Villanova,USA,2019,2,41,39,9.5,3.2,1.3,-7.3,3.8,13.8,23.4,55.5,12.9,78
Eric Gordon,HOU,32,215,Indiana,USA,2008,1,7,27,17.8,2.1,2.6,-3.3,0.9,6.2,24.6,57.7,14.7,75
Eric Bledsoe,NOP,31,214,Kentucky,USA,2010,1,18,60,11.9,3.4,3.7,-2.2,1.4,9.9,17.8,53.1,16.3,73
Enes Kanter,POR,28,250,None,Turkey,2011,1,3,60,11.9,11.4,1.3,2.9,14.5,27.7,16.8,64.3,7.1,82
Elijah Hughes,UTA,23,215,Syracuse,USA,2020,2,39,13,1.9,0.5,0.3,-34.3,0.0,12.5,26.5,52.6,17.4,77
Elfrid Payton,NYK,27,195,Louisana-Lafayette,USA,2014,1,10,53,11.2,3.6,3.4,-2.0,4.6,9.3,22.6,48.9,20.7,75
Edmond Sumner,IND,25,196,Xavier,USA,2017,2,52,47,7.3,1.8,0.9,0.2,2.2,8.5,17.5,62.7,7.5,76
Ed Davis,MIN,31,218,North Carolina,USA,2010,1,13,22,2.2,5.1,1.0,-7.1,12.9,23.4,7.9,48.7,10.2,81
E'Twaun Moore,PHX,32,191,Purdue,USA,2011,2,55,24,4.3,1.8,1.5,3.4,3.6,8.3,15.2,47.9,13.4,75
Dylan Windler,CLE,24,196,Belmont,USA,2019,1,26,31,5.2,3.5,1.1,-6.5,3.9,17.1,14.0,56.7,8.9,78
Dwight Powell,DAL,29,240,Stanford,Canada,2014,2,45,46,5.2,3.5,0.8,2.9,7.8,15.4,13.6,64.8,7.6,82
Dwight Howard,PHI,35,265,None,USA,2004,1,1,59,6.8,8.4,0.8,-4.1,14.4,31.5,17.0,60.8,7.3,82
Dwayne Bacon,ORL,25,221,Florida State,USA,2017,2,40,61,10.6,3.0,1.2,-9.0,1.2,10.4,18.9,49.4,7.3,78
Duncan Robinson,MIA,27,215,Michigan,USA,Undrafted,Undrafted,Undrafted,62,13.0,3.5,1.8,2.3,0.3,10.9,16.0,62.3,8.2,79
Drew Eubanks,SAS,24,245,Oregon State,USA,Undrafted,Undrafted,Undrafted,42,5.6,4.3,0.9,-2.8,8.0,20.3,16.7,61.6,9.8,81
Draymond Green,GSW,31,230,Michigan State,USA,2012,2,35,53,6.6,6.8,8.8,4.0,2.9,17.8,12.9,50.0,34.8,78
Doug McDermott,IND,29,225,Creighton,USA,2014,1,11,54,13.1,3.6,1.3,-0.6,4.0,10.3,19.3,62.6,7.8,79
Dorian Finney-Smith,DAL,27,220,Florida,USA,Undrafted,Undrafted,Undrafted,49,9.6,5.6,1.6,3.4,5.5,11.5,11.7,59.5,6.6,79
Donte DiVincenzo,MIL,24,203,Villanova,USA,2018,1,17,56,10.3,5.6,3.1,9.7,4.4,14.9,16.5,53.5,13.9,76
Donta Hall,ORL,23,230,Alabama,USA,Undrafted,Undrafted,Undrafted,5,4.2,3.8,1.2,-15.2,14.1,20.0,12.0,70.8,14.6,82
Donovan Mitchell,UTA,24,215,Louisville,USA,2017,1,13,53,26.4,4.4,5.2,7.9,2.8,9.5,32.7,56.9,26.6,73
Domantas Sabonis,IND,24,240,Gonzaga,Lithuania,2016,1,11,53,19.9,11.6,6.0,-3.3,6.8,25.3,24.1,58.8,26.1,83
Dillon Brooks,MEM,25,225,Oregon,Canada,2017,2,45,56,16.7,3.0,2.3,4.6,2.7,7.1,25.4,51.4,11.2,79
Dewayne Dedmon,MIA,31,245,Southern California,USA,Undrafted,Undrafted,Undrafted,7,7.0,5.4,0.4,21.9,15.6,27.6,17.9,75.9,4.8,84
Devonte' Graham,CHA,26,195,Kansas,USA,2018,2,34,48,14.2,2.6,5.4,3.4,1.3,7.3,20.9,53.9,27.0,73
Devontae Cacok,LAL,24,240,North Carolina-Wilmington,USA,Undrafted,Undrafted,Undrafted,17,2.2,1.8,0.1,19.0,11.2,20.6,15.9,61.4,1.6,79
Devon Dotson,CHI,21,185,Kansas,USA,Undrafted,Undrafted,Undrafted,6,1.0,0.5,0.3,3.9,7.7,5.6,11.7,42.9,15.4,74
Devin Vassell,SAS,20,200,Florida State,USA,2020,1,11,50,4.9,2.6,0.9,-0.5,2.3,13.0,13.2,53.8,7.6,77
Devin Cannady,ORL,24,183,Princeton,USA,2019,,,8,4.3,0.6,0.1,-13.7,0.0,6.5,18.1,54.7,2.3,74
Devin Booker,PHX,24,206,Kentucky,USA,2015,1,13,57,25.5,4.1,4.5,7.2,1.4,10.8,32.1,58.5,20.8,77
Desmond Bane,MEM,22,215,TCU,USA,2020,1,30,56,9.1,3.0,1.7,1.5,1.7,11.6,15.4,60.8,10.5,77
Derrick White,SAS,26,190,Colorado,USA,2017,1,29,36,15.4,3.0,3.5,5.1,1.2,8.6,22.3,55.0,16.8,76
Derrick Rose,NYK,32,200,Memphis,USA,2008,1,1,41,14.0,2.4,4.1,3.7,1.4,7.6,25.3,53.1,28.5,74
Derrick Jones Jr.,POR,24,210,UNLV,USA,Undrafted,Undrafted,Undrafted,53,7.1,3.8,0.8,-1.8,5.7,9.7,12.3,57.1,4.7,77
Derrick Favors,UTA,29,265,Georgia Tech,USA,2010,1,3,57,5.4,5.5,0.7,2.3,13.0,21.6,12.9,64.8,6.5,81
Denzel Valentine,CHI,27,220,Michigan State,USA,2016,1,14,54,6.8,3.4,1.6,0.2,2.2,17.3,18.7,48.5,13.4,76
Dennis Smith Jr.,DET,23,205,North Carolina State,USA,2017,1,9,23,6.7,2.4,3.3,-2.2,2.9,9.9,19.1,49.2,27.6,74
Dennis Schroder,LAL,27,172,None,Germany,2013,1,17,57,15.7,3.5,5.8,3.1,1.5,9.3,23.0,54.6,26.3,75
Deni Avdija,WAS,20,210,None,Israel,2020,1,9,54,6.3,4.9,1.2,-2.1,1.7,18.1,11.8,51.5,6.4,81
Delon Wright,SAC,29,185,Utah,USA,2015,1,20,52,9.6,4.1,4.2,-4.3,3.5,12.4,15.7,56.2,23.5,77
Dejounte Murray,SAS,24,180,Washington,USA,2016,1,29,57,15.6,7.1,5.2,3.1,2.5,19.3,22.9,51.0,24.2,76
Deividas Sirvydis,DET,20,190,None,Lithuania,2019,2,37,15,1.1,0.5,0.1,-0.8,0.0,18.6,21.8,45.3,9.5,80
Deandre Ayton,PHX,22,250,Arizona,Bahamas,2018,1,1,61,15.0,10.7,1.4,6.0,11.7,23.8,18.5,65.2,6.6,83
Dean Wade,CLE,24,228,Kansas State,USA,Undrafted,Undrafted,Undrafted,52,5.1,3.0,1.1,-4.6,2.9,15.4,12.6,56.1,9.8,81
DeMarcus Cousins,LAC,30,270,Kentucky,USA,2010,1,5,34,9.0,7.0,2.1,-3.7,6.8,30.2,24.0,51.4,18.5,82
DeMar DeRozan,SAS,31,220,Southern California,USA,2009,1,9,51,21.5,4.4,7.2,-1.2,2.2,10.5,25.2,59.1,31.6,78
DeAndre' Bembry,TOR,26,210,St. Joseph's (PA),USA,2016,1,21,40,5.0,2.6,2.0,1.7,3.4,10.6,13.4,58.1,15.8,77
DeAndre Jordan,BKN,32,265,Texas A&M,USA,2008,2,35,53,7.7,7.5,1.7,-0.7,9.4,22.9,12.6,75.3,10.0,83
De'Anthony Melton,MEM,22,200,Southern California,USA,2018,2,46,40,10.1,3.2,2.7,9.3,3.0,11.8,19.5,59.5,17.9,74
De'Andre Hunter,ATL,23,225,Virginia,USA,2019,1,4,20,16.0,5.1,2.1,4.6,2.5,12.6,18.8,62.5,10.3,80
De'Aaron Fox,SAC,23,185,Kentucky,USA,2017,1,5,58,25.2,3.5,7.2,-4.5,1.6,8.5,30.4,56.5,32.6,75
Davis Bertans,WAS,28,225,None,Latvia,2011,2,42,46,11.6,3.1,0.9,1.2,1.3,10.1,15.1,63.2,4.6,82
David Nwaba,HOU,28,219,Cal Poly-Obispo,USA,Undrafted,Undrafted,Undrafted,30,9.2,3.9,1.0,-1.3,5.5,10.8,16.3,55.7,7.0,77
Darius Miller,OKC,31,225,Kentucky,USA,2012,2,46,18,4.1,1.3,1.2,7.2,1.1,10.3,12.7,68.5,15.1,78
Darius Garland,CLE,21,192,Vanderbilt,USA,2019,1,5,51,17.7,2.5,6.2,-7.0,1.4,6.2,24.4,55.0,29.7,73
Darius Bazley,OKC,20,208,None,USA,2019,1,23,45,13.2,7.4,1.6,-10.7,2.2,20.2,20.8,49.8,7.7,80
Dario Saric,PHX,27,225,None,Croatia,2014,1,12,41,9.1,4.0,1.3,12.4,5.6,17.1,22.5,56.8,11.0,82
Danuel House Jr.,HOU,27,220,Texas A&M,USA,Undrafted,Undrafted,Undrafted,32,9.1,3.8,1.8,-12.6,1.9,12.0,15.0,53.3,10.3,78
Dante Exum,HOU,25,214,None,Australia,2014,1,5,6,3.8,2.8,2.2,3.6,1.5,12.9,11.9,42.8,15.5,77
Danny Green,PHI,33,215,North Carolina,USA,2009,2,46,59,9.6,3.7,1.7,5.4,3.1,9.7,13.6,59.3,8.1,78
Danilo Gallinari,ATL,32,233,None,Italy,2008,1,6,42,13.5,4.0,1.4,5.3,1.4,15.3,21.6,61.5,9.4,82
Daniel Theis,CHI,29,245,None,Germany,Undrafted,Undrafted,Undrafted,58,9.6,5.3,1.7,0.1,5.4,16.2,15.4,61.5,10.2,80
Daniel Oturu,LAC,21,240,Minnesota,USA,2020,2,33,24,1.5,1.2,0.3,-1.9,10.4,17.0,15.8,55.5,11.5,80
Daniel Gafford,WAS,22,234,Arkansas,USA,2019,2,38,43,6.4,4.1,0.5,2.8,11.3,16.1,15.9,68.1,5.5,82
Damyean Dotson,CLE,26,210,Houston,USA,2017,2,44,36,6.6,2.1,2.1,-10.1,0.7,10.1,16.8,48.8,17.8,77
Damion Lee,GSW,28,210,Louisville,USA,Undrafted,Undrafted,Undrafted,57,6.5,3.2,1.3,1.6,2.0,14.2,12.7,63.6,9.4,77
Damian Lillard,POR,30,195,Weber State,USA,2012,1,6,55,28.4,4.2,7.5,1.3,1.3,10.3,31.0,60.4,33.7,74
Damian Jones,SAC,25,245,Vanderbilt,USA,2016,1,30,28,3.1,2.4,0.3,-4.9,7.8,14.4,11.1,72.7,4.3,83
Dakota Mathias,PHI,25,200,Purdue,USA,2018,,,8,6.0,0.9,1.6,-10.6,0.7,4.1,16.6,47.4,15.7,76
DaQuan Jeffries,HOU,23,230,Tulsa,USA,Undrafted,Undrafted,Undrafted,24,3.1,1.8,0.4,2.2,3.9,8.8,11.3,48.0,3.7,77
D.J. Wilson,HOU,25,231,Michigan,USA,2017,1,17,32,4.9,2.9,0.6,-11.5,3.7,19.3,20.0,51.2,8.7,82
D.J. Augustin,HOU,33,183,Texas-Austin,USA,2008,1,9,51,7.0,1.6,3.3,1.1,1.8,6.2,15.7,55.9,22.2,71
D'Angelo Russell,MIN,25,193,Ohio State,USA,2015,1,2,32,19.5,2.5,5.2,-12.0,1.2,7.5,29.3,57.5,31.2,76
Cristiano Felicio,CHI,28,270,None,Brazil,Undrafted,Undrafted,Undrafted,13,1.1,1.1,0.6,2.5,9.5,15.7,11.0,61.4,22.9,83
Cory Joseph,DET,29,200,Texas-Austin,Canada,2011,1,29,60,8.0,2.5,3.2,-5.5,2.4,8.4,15.6,55.9,19.7,75
Collin Sexton,CLE,22,190,Alabama,USA,2018,1,8,50,24.5,3.0,4.1,-7.6,2.4,6.3,28.0,58.1,20.3,73
Cole Anthony,ORL,20,185,North Carolina,USA,2020,1,15,36,11.8,4.5,4.4,-11.8,2.8,13.9,22.1,48.0,25.6,74
Cody Zeller,CHA,28,240,Indiana,USA,2013,1,4,38,8.9,6.9,1.9,1.7,12.4,20.8,17.4,58.5,13.1,83
Cody Martin,CHA,25,205,Nevada-Reno,USA,2019,2,36,48,4.0,2.9,1.6,0.5,5.5,12.2,12.2,51.3,14.1,77
Coby White,CHI,21,195,North Carolina,USA,2019,1,7,58,14.8,4.1,4.6,-2.2,1.3,11.8,21.9,53.7,21.2,77
Clint Capela,ATL,26,240,None,Switzerland,2014,1,25,54,15.5,14.7,0.8,6.5,15.5,30.6,19.4,60.4,4.2,82
Chuma Okeke,ORL,22,229,Auburn,USA,2019,1,16,44,7.5,4.0,2.2,-7.6,3.4,11.8,14.0,50.3,13.1,78
Christian Wood,HOU,25,214,UNLV,USA,Undrafted,Undrafted,Undrafted,37,21.0,9.5,1.5,-2.8,5.5,22.6,25.6,59.7,7.9,82
Chris Silva,SAC,24,234,South Carolina,Gabon,Undrafted,Undrafted,Undrafted,15,2.1,1.8,0.4,-0.5,8.2,21.7,15.1,70.8,10.2,80
Chris Paul,PHX,35,175,Wake Forest,USA,2005,1,4,60,16.1,4.7,8.7,6.4,1.3,13.3,21.6,58.8,39.0,72
Chris Chiozza,BKN,25,175,Florida,USA,Undrafted,Undrafted,Undrafted,22,4.0,1.1,3.0,3.0,1.2,8.8,20.0,46.1,38.2,71
Chris Boucher,TOR,28,200,Oregon,Saint Lucia,Undrafted,Undrafted,Undrafted,59,13.6,6.7,1.1,4.3,8.0,19.1,20.2,63.9,7.0,81
Chimezie Metu,SAC,24,225,Southern California,USA,2018,2,49,28,5.1,2.5,0.6,-9.0,9.1,17.2,20.0,59.6,9.0,81
Chasson Randle,ORL,28,185,Stanford,USA,2015,,,30,5.7,1.7,1.9,-16.8,0.5,8.3,14.6,51.9,15.4,74
Charlie Brown Jr.,OKC,24,199,St. Joseph's (PA),USA,Undrafted,Undrafted,Undrafted,1,5.0,0.0,0.0,14.8,0.0,0.0,15.6,51.2,0.0,78
Chandler Hutchison,WAS,25,210,Boise State,USA,2018,1,22,14,3.8,3.4,0.6,-3.3,2.1,21.0,16.2,43.6,6.1,78
Cedi Osman,CLE,26,230,None,Turkey,2015,2,31,51,9.6,3.3,2.7,-10.4,2.4,11.4,19.3,47.5,16.0,79
Cassius Winston,WAS,23,185,Michigan State,USA,2020,2,53,18,2.2,0.5,0.6,-18.4,0.0,9.1,16.7,58.0,21.6,73
Cassius Stanley,IND,21,190,Duke,USA,2020,2,54,17,1.1,0.6,0.0,-1.0,7.6,12.8,20.6,37.7,0.0,77
Carsen Edwards,BOS,23,200,Purdue,USA,2019,2,33,25,3.9,0.9,0.4,-7.3,1.4,8.8,18.5,54.5,7.8,71
Carmelo Anthony,POR,36,238,Syracuse,USA,2003,1,3,59,13.5,3.2,1.5,-4.1,1.8,10.8,23.3,53.3,10.2,79
Caris LeVert,IND,26,205,Michigan,USA,2016,1,20,36,18.7,4.5,4.8,-1.1,2.5,11.0,26.9,51.7,24.3,78
Cameron Reynolds,SAS,26,225,Tulane,USA,Undrafted,Undrafted,Undrafted,3,0.7,0.0,0.0,-32.4,0.0,0.0,13.3,50.0,0.0,79
Cameron Payne,PHX,26,183,Murray State,USA,2015,1,14,50,7.3,2.3,3.6,7.2,1.5,11.8,18.6,57.8,28.9,73
Cameron Johnson,PHX,25,210,North Carolina,USA,2019,1,11,55,9.9,3.2,1.5,5.8,2.2,11.6,16.4,58.6,8.7,80
Cam Reddish,ATL,21,218,Duke,USA,2019,1,10,26,11.2,4.0,1.3,-4.0,2.8,10.9,18.3,48.8,6.6,80
Caleb Martin,CHA,25,205,Nevada-Reno,USA,Undrafted,Undrafted,Undrafted,45,4.9,2.8,1.2,-5.9,4.1,13.2,16.9,46.1,12.3,77
CJ McCollum,POR,29,190,Lehigh,USA,2013,1,10,35,23.3,4.2,4.8,3.1,1.9,10.4,27.1,56.6,22.9,75
CJ Elleby,POR,20,200,Washington State,USA,2020,2,46,21,2.4,1.0,0.2,0.8,4.5,7.7,14.9,47.4,3.8,78
Buddy Hield,SAC,28,220,Oklahoma,Bahamas,2016,1,6,60,16.7,4.5,3.2,-3.4,1.1,12.2,20.0,57.0,12.3,76
Bryn Forbes,MIL,27,205,Michigan State,USA,Undrafted,Undrafted,Undrafted,59,9.5,1.4,0.6,2.4,0.9,6.2,18.0,60.8,4.4,74
Bruno Fernando,ATL,22,240,Maryland,Angola,2019,2,34,28,1.3,2.3,0.3,-7.6,6.4,26.3,12.0,50.1,7.9,81
Bruno Caboclo,HOU,25,218,None,Brazil,2014,1,20,6,2.8,2.3,0.2,2.3,6.4,26.8,23.2,47.5,4.8,81
Bruce Brown,BKN,24,202,Miami,USA,2018,2,42,57,8.8,5.2,1.6,2.2,7.9,14.9,15.7,59.7,9.9,76
Brook Lopez,MIL,33,282,Stanford,USA,2008,1,10,59,11.6,4.9,0.7,6.3,5.0,11.9,15.9,60.1,3.3,84
Brodric Thomas,CLE,24,185,Truman State,USA,Undrafted,Undrafted,Undrafted,21,2.9,1.0,0.7,5.7,2.1,8.3,18.1,46.1,11.8,77
Brian Bowen II,IND,22,190,None,USA,Undrafted,Undrafted,Undrafted,6,0.5,0.5,0.0,9.4,0.0,15.8,9.8,33.8,0.0,78
Brandon Ingram,NOP,23,190,Duke,USA,2016,1,2,56,24.2,5.0,4.9,1.2,1.6,12.7,28.1,59.0,22.0,80
Brandon Goodwin,ATL,25,180,Florida Gulf Coast,USA,Undrafted,Undrafted,Undrafted,43,5.0,1.5,2.0,-0.8,1.3,9.5,18.9,47.7,24.3,72
Brandon Clarke,MEM,24,215,Gonzaga,Canada,2019,1,21,50,10.7,5.4,1.7,1.1,5.5,15.7,16.8,55.9,9.7,80
Bradley Beal,WAS,27,207,Florida,USA,2012,1,3,52,31.4,4.8,4.6,-1.7,3.3,9.8,33.5,59.6,21.3,75
Brad Wanamaker,CHA,31,210,Pittsburgh,USA,Undrafted,Undrafted,Undrafted,53,5.4,1.7,2.8,-5.6,1.3,8.3,17.2,48.0,25.6,75
Bol Bol,DEN,21,220,Oregon,Sudan,2019,2,44,27,2.4,0.7,0.3,-23.4,0.0,14.3,20.4,62.1,8.5,86
Bojan Bogdanovic,UTA,32,226,None,Croatia,2011,2,31,61,15.6,3.8,1.9,8.3,1.7,9.8,21.1,57.1,8.9,79
Bogdan Bogdanovic,ATL,28,220,None,Serbia,2014,1,27,37,15.2,3.7,3.2,2.5,1.6,10.9,21.0,59.2,17.0,78
Bobby Portis,MIL,26,250,Arkansas,USA,2015,1,22,56,11.5,7.0,1.1,7.1,8.0,22.5,19.8,60.6,7.3,82
Boban Marjanovic,DAL,32,290,None,Serbia,Undrafted,Undrafted,Undrafted,25,5.1,4.2,0.3,8.7,16.5,28.4,24.0,54.1,5.0,88
Blake Griffin,BKN,32,250,Oklahoma,USA,2009,1,1,35,11.0,4.9,3.3,0.2,2.0,16.7,18.9,52.9,18.2,81
Bismack Biyombo,CHA,28,255,None,DRC,2011,1,7,54,5.2,5.3,1.3,-6.8,9.5,14.8,11.4,56.7,8.9,80
Ben Simmons,PHI,24,240,Louisiana State,Australia,2016,1,1,49,14.8,7.6,7.0,7.2,5.1,17.4,20.6,57.9,30.8,83
Ben McLemore,LAL,28,195,Kansas,USA,2013,1,7,42,7.9,2.0,0.8,-4.3,1.8,9.0,19.5,52.9,7.0,75
Bam Adebayo,MIA,23,255,Kentucky,USA,2017,1,14,55,19.1,9.1,5.3,0.5,7.1,20.3,23.8,62.6,26.7,81
Axel Toupane,MIL,28,210,None,France,Undrafted,Undrafted,Undrafted,8,1.8,0.8,0.5,-2.2,0.0,8.2,9.2,49.7,9.8,79
Avery Bradley,HOU,30,180,Texas-Austin,USA,2010,1,19,24,6.7,2.2,1.8,-9.1,1.3,8.3,14.8,50.1,11.3,75
Austin Rivers,DEN,28,200,Duke,USA,2012,1,10,25,7.2,2.3,2.0,-5.0,1.1,9.4,15.5,53.9,14.1,76
Ashton Hagans,MIN,21,190,Kentucky,USA,Undrafted,Undrafted,Undrafted,2,0.0,0.0,0.0,-21.8,0.0,0.0,8.3,0.0,0.0,75
Aron Baynes,TOR,34,260,Washington State,Australia,Undrafted,Undrafted,Undrafted,50,5.8,5.1,0.9,-5.1,8.4,19.3,15.7,48.9,6.9,82
Armoni Brooks,HOU,22,195,Houston,USA,2019,,,9,8.3,4.0,1.4,-17.4,2.1,14.6,16.6,52.7,10.2,75
Anzejs Pasecniks,WAS,25,229,None,Latvia,2017,1,25,1,0.0,1.0,1.0,-104.4,14.3,0.0,37.5,0.0,33.3,85
Anthony Tolliver,PHI,35,240,Creighton,USA,Undrafted,Undrafted,Undrafted,4,1.5,2.0,0.5,5.5,4.4,7.7,8.9,29.1,4.8,80
Anthony Lamb,HOU,23,227,Vermont,USA,Undrafted,Undrafted,Undrafted,14,3.6,2.3,0.4,-9.0,7.2,10.8,15.6,43.9,5.6,78
Anthony Gill,WAS,28,230,Virginia,USA,Undrafted,Undrafted,Undrafted,21,2.2,2.0,0.3,-13.4,9.2,17.4,13.4,59.3,6.9,79
Anthony Edwards,MIN,19,225,Georgia,USA,2020,1,1,62,18.3,4.5,2.7,-6.9,2.3,11.9,26.5,50.4,13.4,76
Anthony Davis,LAL,28,253,Kentucky,USA,2012,1,1,26,21.4,8.0,3.0,6.9,6.2,19.2,27.9,56.9,14.6,82
Anfernee Simons,POR,21,181,None,USA,2018,1,24,52,7.8,2.2,1.4,-4.7,1.1,11.7,19.2,58.5,13.2,75
Andrew Wiggins,GSW,26,197,Kansas,Canada,2014,1,1,61,18.0,4.8,2.3,-1.2,3.1,11.0,22.5,56.3,10.9,79
Andre Roberson,BKN,29,210,Colorado,USA,2013,1,26,5,1.2,3.0,0.8,-18.4,10.3,13.6,11.7,20.2,9.8,79
Andre Iguodala,MIA,37,215,Arizona,USA,2004,1,9,54,4.6,3.6,2.2,-3.2,3.0,13.5,11.1,51.9,15.1,78
Andre Drummond,LAL,27,279,Connecticut,USA,2012,1,9,35,15.7,12.6,2.3,-5.3,12.9,35.1,28.2,50.8,13.7,82
Amir Coffey,LAC,23,210,Minnesota,USA,Undrafted,Undrafted,Undrafted,43,3.3,1.0,0.5,-1.6,2.3,8.1,14.6,58.5,9.0,79
Amida Brimah,IND,27,230,Connecticut,USA,Undrafted,Undrafted,Undrafted,1,0.0,0.0,0.0,-10.3,0.0,0.0,6.7,0.0,0.0,82
Alize Johnson,BKN,25,212,Missouri State,USA,2018,2,50,12,5.3,4.6,0.8,-4.3,12.3,27.0,18.1,63.6,10.7,79
Alfonzo McKinnie,LAL,28,215,Wisconsin-Green Bay,USA,Undrafted,Undrafted,Undrafted,34,3.0,1.4,0.2,0.4,6.9,11.8,15.8,61.2,4.4,79
Alex Len,WAS,27,250,Maryland,Ukraine,2013,1,5,53,6.7,3.9,0.8,-5.0,7.0,17.0,16.3,66.1,7.5,84
Alex Caruso,LAL,27,186,Texas A&M,USA,Undrafted,Undrafted,Undrafted,51,5.9,2.9,2.5,6.6,2.4,11.4,13.5,55.4,17.4,76
Alen Smailagic,GSW,20,215,None,Serbia,2019,2,39,9,1.7,0.8,0.2,-27.0,5.6,11.1,15.2,50.8,13.3,82
Aleksej Pokusevski,OKC,19,190,None,Serbia,2020,1,17,38,7.5,4.6,2.1,-18.6,2.5,15.5,19.2,41.7,13.3,84
Alec Burks,NYK,29,214,Colorado,USA,2011,1,12,44,12.6,4.5,2.2,5.9,1.6,15.1,20.4,56.1,13.3,78
Al-Farouq Aminu,CHI,30,220,Wake Forest,USA,2010,1,8,20,4.8,5.0,1.5,-7.6,5.1,20.2,14.3,47.3,10.9,80
Al Horford,OKC,34,240,Florida,Dominican Rep...,2007,1,3,28,14.2,6.7,3.4,-6.9,3.4,19.5,22.1,53.8,20.6,81
Adam Mokoka,CHI,22,190,None,France,Undrafted,Undrafted,Undrafted,11,1.4,0.5,0.5,-11.5,1.9,8.5,15.9,43.0,19.2,76
Abdel Nader,PHX,27,225,Iowa State,Egypt,2016,2,58,24,6.7,2.6,0.8,5.0,2.0,15.1,18.3,60.5,7.8,77
Aaron Nesmith,BOS,21,215,Vanderbilt,USA,2020,1,14,35,3.4,2.2,0.4,1.7,3.5,13.5,12.6,51.8,4.0,77
Aaron Holiday,IND,24,185,UCLA,USA,2018,1,23,58,7.0,1.2,1.6,-0.8,1.0,5.9,19.2,49.9,12.5,72
Aaron Gordon,DEN,25,235,Arizona,USA,2014,1,4,41,13.2,5.9,3.5,2.4,5.3,15.8,21.3,55.7,17.9,80
