Player,TEAM,AGE,HEIGHT,WEIGHT,COLLEGE,COUNTRY,DRAFT YEAR,DRAFT ROUND,DRAFT NUMBER,GP,PTS,REB,AST,NETRTG,OREB%,DREB%,USG%,TS%,AST%
Zion Williamson,NOP,20,7-Jun,284,Duke,USA,2019,1,1,56,26.9,7.2,3.6,0.9,7.90%,13.50%,28.70%,65.50%,18.60%
Zeke Nnaji,DEN,20,9-Jun,240,Arizona,USA,2020,1,22,39,3.1,1.5,0.2,-10.7,3.60%,12.70%,12.60%,61.20%,3.20%
Zach LaVine,CHI,26,5-Jun,200,UCLA,USA,2014,1,13,53,27.5,5.1,5.1,-1.4,1.80%,12.50%,30.30%,63.30%,23.20%
Yuta Watanabe,TOR,26,9-Jun,215,George Washington,Japan,Undrafted,Undrafted,Undrafted,42,4.1,3.2,0.7,1.1,5.50%,17.50%,11.80%,58.90%,7.50%
Yogi Ferrell,LAC,27,Jun-00,178,Indiana,USA,Undrafted,Undrafted,Undrafted,4,8.3,2,3.5,5.7,4.20%,7.40%,21.50%,49.70%,31.80%
Xavier Tillman,MEM,22,8-Jun,245,Michigan State,USA,2020,2,35,49,6.8,4.4,1.3,3,6.50%,16.30%,14.10%,59.90%,9.50%
Willy Hernangomez,NOP,26,11-Jun,250,None,Spain,2015,2,35,37,6.7,6.4,0.9,1.7,14.10%,24.40%,16.10%,58.40%,7.70%
Willie Cauley-Stein,DAL,27,Jul-00,240,Kentucky,USA,2015,1,6,41,5.6,4.3,0.7,9.3,7.10%,16.80%,12.70%,64.60%,5.80%
Will Magnay,NOP,22,10-Jun,234,None,Australia,Undrafted,Undrafted,Undrafted,1,0,0,0,-148.2,0.00%,0.00%,20.00%,0.00%,0.00%
Will Barton,DEN,30,6-Jun,181,Memphis,USA,2012,2,40,56,12.7,4,3.2,6,2.40%,10.90%,18.70%,53.80%,13.50%
Wesley Matthews,LAL,34,4-Jun,220,Marquette,USA,Undrafted,Undrafted,Undrafted,50,4.5,1.5,0.9,1.9,1.50%,6.30%,10.90%,49.70%,6.40%
Wes Iwundu,NOP,26,6-Jun,195,Kansas State,USA,2017,2,33,36,2.5,2.2,0.4,-4.3,2.20%,13.00%,10.30%,45.20%,4.20%
Wenyen Gabriel,NOP,24,9-Jun,205,Kentucky,South Sudan,Undrafted,Undrafted,Undrafted,11,2.2,1.7,0.7,5.3,9.20%,14.30%,16.30%,49.80%,15.10%
Wendell Carter Jr.,ORL,22,10-Jun,270,Duke,USA,2018,1,7,47,11.8,8.2,2,-8.2,9.00%,22.30%,18.90%,58.80%,11.80%
Wayne Ellington,DET,33,4-Jun,207,North Carolina,USA,2009,1,28,44,9.6,1.9,1.4,-4,1.20%,7.40%,16.00%,62.90%,9.70%
Vlatko Cancar,DEN,24,8-Jun,236,None,Slovenia,2017,2,49,34,1.4,1.1,0.3,-21.7,3.00%,16.20%,12.70%,51.60%,7.80%
Vincent Poirier,PHI,27,Jul-00,235,None,France,Undrafted,Undrafted,Undrafted,10,0.8,1.4,0.2,-19.4,13.00%,22.20%,19.40%,27.30%,8.00%
Victor Oladipo,MIA,28,4-Jun,213,Indiana,USA,2013,1,2,33,19.8,4.8,4.6,-2.3,1.00%,13.70%,28.60%,51.20%,23.30%
Vernon Carey Jr.,CHA,20,9-Jun,270,Duke,USA,2020,2,32,15,2.5,1.4,0.1,-7.3,3.40%,17.50%,17.10%,57.90%,3.30%
Udoka Azubuike,UTA,21,10-Jun,280,Kansas,Nigeria,2020,1,27,12,1,1.1,0,-60.9,7.40%,16.40%,10.70%,62.20%,0.00%
Tyus Jones,MEM,24,Jun-00,196,Duke,USA,2015,1,24,58,6.8,2.1,3.9,-2.8,1.70%,9.20%,16.70%,51.30%,30.40%
Tyrese Maxey,PHI,20,2-Jun,200,Kentucky,USA,2020,1,21,52,7.5,1.5,1.7,-6.2,1.10%,9.00%,21.90%,51.60%,19.00%
Tyrese Haliburton,SAC,21,5-Jun,185,Iowa State,USA,2020,1,12,55,12.8,3,5.2,-5.2,2.30%,7.70%,17.30%,58.30%,24.10%
Tyrell Terry,DAL,20,2-Jun,160,Stanford,USA,2020,2,31,11,1,0.5,0.5,0,0.00%,11.80%,13.50%,31.80%,15.80%
Tyler Johnson,BKN,28,3-Jun,186,Fresno State,USA,Undrafted,Undrafted,Undrafted,32,5.4,1.9,1,2.9,0.90%,9.60%,13.50%,56.00%,7.70%
Tyler Herro,MIA,21,5-Jun,195,Kentucky,USA,2019,1,13,48,14.9,4.9,3.4,-5,1.50%,13.80%,22.40%,52.90%,18.20%
Tyler Cook,DET,23,8-Jun,255,Iowa,USA,Undrafted,Undrafted,Undrafted,22,3.5,2.5,0.5,-4,7.10%,14.00%,13.50%,58.90%,6.30%
Tyler Bey,DAL,23,7-Jun,215,Colorado,USA,2020,2,36,11,0.9,1.2,0.1,-16.7,11.60%,20.50%,14.10%,36.30%,4.20%
Ty-Shon Alexander,PHX,22,3-Jun,195,Creighton,USA,Undrafted,Undrafted,Undrafted,9,0.7,0.6,0.1,10.3,2.80%,12.50%,17.40%,27.60%,5.90%
Ty Jerome,OKC,23,5-Jun,195,Virginia,USA,2019,1,24,28,10.3,2.8,3.6,-8.1,1.40%,9.70%,17.60%,56.70%,21.90%
Troy Brown Jr.,CHI,21,6-Jun,215,Oregon,USA,2018,1,15,34,4.7,3.1,0.9,3.1,3.90%,15.80%,14.10%,52.50%,7.60%
Tristan Thompson,BOS,30,9-Jun,254,Texas-Austin,Canada,2011,1,4,46,7.9,8.1,1.1,2.4,12.40%,21.70%,15.00%,55.40%,6.60%
Trey Lyles,SAS,25,9-Jun,234,Kentucky,Canada,2015,1,12,23,5,3.7,0.6,-14.5,2.20%,21.30%,12.80%,57.40%,6.00%
Trey Burke,DAL,28,Jun-00,185,Michigan,USA,2013,1,9,50,6.7,0.9,1.4,-0.3,0.80%,5.00%,19.00%,56.50%,14.40%
Trevor Ariza,MIA,35,8-Jun,215,UCLA,USA,2004,2,43,21,8.7,4.6,1.8,3,2.90%,14.70%,14.50%,53.10%,8.90%
Trent Forrest,UTA,22,4-Jun,210,Florida State,USA,Undrafted,Undrafted,Undrafted,19,0.9,0.4,1.1,-21.1,0.00%,7.00%,11.40%,43.10%,26.30%
Tremont Waters,BOS,23,10-May,175,Louisiana State,USA,2019,2,51,18,2.8,0.6,2,-10,2.40%,5.70%,20.30%,53.00%,43.40%
Tre Jones,SAS,21,1-Jun,185,Duke,USA,2020,2,41,29,1.9,0.4,0.7,-21,3.00%,5.20%,17.70%,52.90%,22.90%
Trae Young,ATL,22,1-Jun,180,Oklahoma,USA,2018,1,5,54,25.3,3.9,9.6,4.5,1.90%,9.30%,31.80%,58.30%,42.80%
Torrey Craig,PHX,30,7-Jun,221,South Carolina Upstate,USA,Undrafted,Undrafted,Undrafted,39,4.7,3.6,0.9,-6.4,6.70%,18.70%,13.60%,58.50%,9.30%
Tony Snell,ATL,29,6-Jun,213,New Mexico,USA,2013,1,20,40,5.5,2.4,1.3,2.6,1.80%,8.90%,8.60%,72.10%,8.30%
Tony Bradley,OKC,23,10-Jun,248,North Carolina,USA,2017,1,28,35,7.1,5.7,0.8,1.1,12.70%,22.00%,15.30%,67.50%,7.20%
Tomas Satoransky,CHI,29,7-Jun,210,None,Czech Republi...,2012,2,32,49,7.8,2.4,4.9,-1,2.30%,8.40%,14.80%,61.60%,27.90%
Tobias Harris,PHI,28,8-Jun,226,Tennessee,USA,2011,1,19,52,20,7.1,3.6,6.5,3.00%,17.90%,23.80%,60.50%,17.70%
Timothe Luwawu-Cabarrot,BKN,25,7-Jun,220,None,France,2016,1,24,53,6.6,2.4,1.2,0.3,2.50%,9.50%,16.40%,48.80%,8.30%
Tim Hardaway Jr.,DAL,29,5-Jun,205,Michigan,USA,2013,1,24,59,15.6,3.3,1.7,-0.5,1.00%,10.10%,22.60%,56.60%,9.10%
Tim Frazier,MEM,30,Jun-00,170,Penn State,USA,Undrafted,Undrafted,Undrafted,3,1.3,1.3,2.3,12.1,0.00%,11.10%,13.60%,25.00%,30.40%
Thon Maker,CLE,24,Jul-00,221,None,South Sudan,2016,1,10,8,3.8,2.3,0.5,-10.9,9.30%,11.80%,14.50%,65.70%,10.00%
Thomas Bryant,WAS,23,10-Jun,248,Indiana,USA,2017,2,42,10,14.3,6.1,1.5,-2.1,6.30%,16.30%,16.30%,70.40%,7.90%
Theo Pinson,NYK,25,5-Jun,212,North Carolina,USA,Undrafted,Undrafted,Undrafted,14,0.1,0.1,0.1,-20.5,0.00%,5.10%,13.20%,11.10%,7.10%
Theo Maledon,OKC,19,4-Jun,175,None,France,2020,2,34,55,9.9,3.4,3.5,-15.6,1.30%,10.40%,18.30%,49.30%,19.30%
Thanasis Antetokounmpo,MIL,28,6-Jun,219,None,Greece,2014,2,51,48,3.3,2.5,0.9,3.3,9.90%,11.70%,14.90%,54.80%,11.60%
Thaddeus Young,CHI,32,8-Jun,235,Georgia Tech,USA,2007,1,12,57,12.1,6.2,4.2,4.1,10.60%,15.60%,21.20%,59.80%,24.70%
Terry Rozier,CHA,27,1-Jun,190,Louisville,USA,2015,1,16,57,20.6,4.2,4.1,-2,1.50%,10.50%,23.80%,59.40%,18.80%
Terrence Ross,ORL,30,6-Jun,206,Washington,USA,2012,1,8,46,15.6,3.4,2.3,-8.8,1.00%,10.40%,23.00%,53.00%,13.30%
Terrance Ferguson,PHI,22,6-Jun,190,None,USA,2017,1,21,13,0.2,0.1,0.2,-17.8,0.00%,2.40%,9.40%,14.30%,5.70%
Terence Davis,SAC,23,4-Jun,201,Mississippi,USA,Undrafted,Undrafted,Undrafted,50,7.2,2.1,1.1,-3,1.40%,11.90%,20.30%,54.40%,11.20%
Terance Mann,LAC,24,5-Jun,215,Florida State,USA,2019,2,48,60,6.8,3.7,1.7,3.1,4.40%,14.10%,14.20%,58.10%,11.90%
Taurean Prince,CLE,27,7-Jun,218,Baylor,USA,2016,1,12,41,9.5,3.5,1.9,-6.1,2.10%,13.20%,18.90%,54.00%,12.10%
Talen Horton-Tucker,LAL,20,4-Jun,234,Iowa State,USA,2019,2,46,56,8.7,2.7,2.5,0.6,1.90%,10.90%,21.00%,52.40%,19.30%
Taj Gibson,NYK,35,9-Jun,232,Southern California,USA,2009,1,26,35,5.2,5.4,0.7,5.8,10.40%,15.30%,9.60%,65.60%,5.00%
Tacko Fall,BOS,25,5-Jul,311,Central Florida,Senegal,Undrafted,Undrafted,Undrafted,15,2.7,2.5,0.1,13.5,12.20%,23.50%,14.00%,67.30%,2.50%
T.J. Warren,IND,27,8-Jun,220,North Carolina State,USA,2014,1,14,4,15.5,3.5,1.3,2.6,1.70%,10.60%,21.30%,56.00%,6.00%
T.J. McConnell,IND,29,1-Jun,190,Arizona,USA,2015,0,,57,8.1,3.6,6.6,2,2.80%,10.80%,14.30%,58.40%,34.60%
Svi Mykhailiuk,OKC,23,7-Jun,205,Kansas,Ukraine,2018,2,47,57,7.9,2.5,1.6,-7.9,1.90%,10.30%,18.10%,53.20%,12.30%
Steven Adams,NOP,27,11-Jun,265,Pittsburgh,New Zealand,2013,1,12,56,7.8,9,1.9,-0.1,13.50%,18.60%,11.90%,60.20%,8.70%
Sterling Brown,HOU,26,5-Jun,219,Southern Methodist,USA,2017,2,46,51,8.2,4.4,1.4,-5.4,2.90%,14.70%,13.30%,59.70%,8.80%
Stephen Curry,GSW,33,3-Jun,185,Davidson,USA,2009,1,7,53,31.3,5.6,5.8,3.6,1.30%,14.00%,32.10%,66.10%,28.30%
Stanley Johnson,TOR,24,6-Jun,242,Arizona,USA,2015,1,8,51,3.4,2.3,1.2,-6.8,2.80%,13.70%,11.40%,53.50%,12.00%
Spencer Dinwiddie,BKN,28,5-Jun,215,Colorado,USA,2014,2,38,3,6.7,4.3,3,29.8,0.00%,15.10%,15.40%,53.60%,17.30%
Solomon Hill,ATL,30,6-Jun,226,Arizona,USA,2013,1,23,61,4.6,3,1,0.6,2.70%,10.90%,10.40%,49.50%,6.10%
Skylar Mays,ATL,23,4-Jun,205,Louisiana State,USA,2020,2,50,28,3.1,0.9,0.8,3.8,4.40%,8.50%,19.00%,52.40%,16.30%
Sindarius Thornwell,NOP,26,4-Jun,215,South Carolina,USA,2017,2,48,14,1.2,0.4,0.3,5.2,1.30%,5.80%,14.50%,38.80%,7.40%
Shaquille Harrison,DEN,27,7-Jun,190,Tulsa,USA,Undrafted,Undrafted,Undrafted,23,1.5,0.7,0.5,-13.8,2.80%,8.80%,13.60%,43.20%,13.20%
Shake Milton,PHI,24,5-Jun,205,Southern Methodist,USA,2018,2,54,53,13.3,2.3,2.9,4,2.20%,7.00%,24.00%,54.60%,19.90%
Shai Gilgeous-Alexander,OKC,22,6-Jun,180,Kentucky,Canada,2018,1,11,35,23.7,4.7,5.9,-7.7,1.50%,11.90%,28.30%,62.30%,31.10%
Seth Curry,PHI,30,2-Jun,185,Duke,USA,Undrafted,Undrafted,Undrafted,48,12,2.1,2.8,6.9,0.70%,6.40%,17.00%,57.90%,13.10%
Serge Ibaka,LAC,31,10-Jun,235,None,Republic of t...,2008,1,24,39,10.9,6.7,1.7,8.2,7.90%,21.40%,19.70%,58.20%,10.50%
Semi Ojeleye,BOS,26,6-Jun,240,Southern Methodist,USA,2017,2,37,50,4.8,2.6,0.7,-0.2,3.10%,12.00%,11.30%,56.10%,5.50%
Sekou Doumbouya,DET,20,8-Jun,230,None,France,2019,1,15,48,4,2.2,0.7,-6.8,3.80%,12.10%,16.80%,43.80%,7.80%
Sean McDermott,MEM,24,6-Jun,195,Butler,USA,Undrafted,Undrafted,Undrafted,17,2.3,1.1,0.2,-17.8,3.10%,8.80%,10.20%,53.40%,4.30%
Sam Merrill,MIL,24,4-Jun,205,Utah State,USA,2020,2,60,27,3.1,1,0.7,-6.5,2.90%,9.30%,15.10%,65.90%,14.60%
Saddiq Bey,DET,22,7-Jun,215,Villanova,USA,2020,1,19,60,11.3,4.2,1.2,-4.3,2.20%,14.20%,17.70%,57.00%,7.30%
Saben Lee,DET,21,2-Jun,183,Vanderbilt,USA,2020,2,38,38,5.2,2.1,3.3,-8.1,2.80%,10.70%,17.10%,53.60%,32.90%
Ryan Arcidiacono,CHI,27,3-Jun,195,Villanova,USA,Undrafted,Undrafted,Undrafted,36,3,1.6,1.3,-3.4,1.30%,13.60%,12.30%,50.90%,17.90%
Russell Westbrook,WAS,32,3-Jun,200,UCLA,USA,2008,1,4,54,21.8,11,11,-3.5,4.40%,24.30%,30.20%,50.10%,46.80%
Rui Hachimura,WAS,23,8-Jun,230,Gonzaga,Japan,2019,1,9,48,13.5,5.7,1.5,-4,2.60%,14.50%,17.70%,54.40%,6.50%
Rudy Gobert,UTA,28,1-Jul,258,None,France,2013,1,27,60,14.5,13.5,1.3,15.8,10.80%,28.30%,16.60%,68.20%,6.00%
Rudy Gay,SAS,34,8-Jun,250,Connecticut,USA,2006,1,8,52,11.1,4.9,1.5,5.8,2.90%,17.50%,22.60%,52.60%,10.50%
Royce O'Neale,UTA,27,4-Jun,226,Baylor,USA,Undrafted,Undrafted,Undrafted,60,6.9,7.1,2.6,9.8,3.90%,16.80%,9.30%,59.20%,10.20%
Rondae Hollis-Jefferson,POR,26,6-Jun,217,Arizona,USA,2015,1,23,5,3.4,2.6,1.6,-15.7,8.80%,12.00%,12.70%,52.60%,20.50%
Romeo Langford,BOS,21,4-Jun,216,Indiana,USA,2019,1,14,12,2.3,2.1,0.7,-10.1,5.00%,7.90%,9.70%,38.20%,6.70%
Rodney McGruder,DET,29,4-Jun,205,Kansas State,USA,Undrafted,Undrafted,Undrafted,16,5.7,1.4,1,-4,4.20%,7.80%,17.90%,61.90%,12.80%
Rodney Hood,TOR,28,8-Jun,208,Duke,USA,2014,1,23,49,4.7,1.9,1.1,-6.3,2.20%,8.00%,14.10%,44.90%,8.50%
Rodions Kurucs,MIL,23,9-Jun,228,None,Latvia,2018,2,40,21,1.5,1.1,0.5,-0.3,3.70%,13.40%,14.50%,45.90%,11.50%
Robin Lopez,WAS,33,Jul-00,281,Stanford,USA,2008,1,15,60,8.8,3.9,0.9,-2.7,9.50%,9.30%,16.10%,66.20%,6.40%
Robert Woodard II,SAC,21,6-Jun,235,Mississippi State,USA,2020,2,40,11,1.6,1,0,11.8,8.80%,24.20%,24.40%,51.40%,0.00%
Robert Williams III,BOS,23,8-Jun,237,Texas A&M,USA,2018,1,27,47,8.2,7,1.8,-1,13.80%,23.40%,14.90%,72.10%,13.70%
Robert Franks,ORL,24,7-Jun,225,Washington State,USA,2019,,,7,6.1,2,0.7,-14.4,5.30%,8.20%,14.80%,63.80%,7.00%
Robert Covington,POR,30,7-Jun,209,Tennessee State,USA,Undrafted,Undrafted,Undrafted,58,8.7,6.7,1.7,3.3,2.50%,18.50%,11.80%,55.90%,6.80%
Ricky Rubio,MIN,30,3-Jun,190,None,Spain,2009,1,5,58,8.2,3.2,6.6,-7.1,1.30%,10.90%,15.50%,50.10%,34.00%
Richaun Holmes,SAC,27,10-Jun,235,Bowling Green,USA,2015,2,37,52,14.3,8.8,1.6,-0.5,8.60%,20.60%,16.80%,67.70%,7.70%
Reggie Perry,BKN,21,8-Jun,250,Mississippi State,USA,2020,2,57,21,3.6,3.1,0.7,-6.6,11.20%,19.60%,19.20%,47.70%,10.10%
Reggie Jackson,LAC,31,2-Jun,208,Boston College,USA,2011,1,24,59,10.5,2.9,3.2,7.6,1.80%,10.90%,19.30%,57.40%,19.10%
Reggie Bullock,NYK,30,6-Jun,205,North Carolina,USA,2013,1,25,55,10.5,3.3,1.5,1.6,0.70%,10.50%,14.00%,60.20%,7.30%
Rayjon Tucker,PHI,23,3-Jun,209,Arkansas-Little Rock,USA,Undrafted,Undrafted,Undrafted,12,2,0.8,0.4,12.4,1.60%,16.30%,16.00%,69.90%,16.10%
Ray Spalding,HOU,24,9-Jun,225,Louisville,USA,2018,2,56,2,2,2,0,-15.9,8.30%,8.30%,15.70%,41.00%,0.00%
Raul Neto,WAS,28,1-Jun,180,None,Brazil,2013,2,47,55,8.3,2.3,2.1,-2.6,1.90%,8.70%,15.90%,55.90%,14.20%
Rajon Rondo,LAC,35,1-Jun,180,Kentucky,USA,2006,1,21,37,4.6,2.2,4,1.5,2.10%,10.30%,15.90%,50.60%,36.10%
RJ Barrett,NYK,20,6-Jun,214,Duke,Canada,2019,1,3,62,17.5,5.7,2.9,1.8,2.90%,12.90%,22.90%,53.50%,13.20%
R.J. Hampton,ORL,20,4-Jun,175,None,USA,2020,1,24,41,5.1,2.7,1,-18.3,3.00%,15.20%,17.40%,49.30%,10.10%
Quinndary Weatherspoon,SAS,24,3-Jun,205,Mississippi State,USA,2019,2,49,17,1.1,0.4,0.3,-36.2,2.50%,5.80%,16.10%,48.70%,12.50%
Quinn Cook,CLE,28,1-Jun,180,Duke,USA,Undrafted,Undrafted,Undrafted,23,3.3,0.7,0.8,-3.9,1.20%,8.40%,20.40%,53.10%,18.40%
Precious Achiuwa,MIA,21,8-Jun,225,Memphis,Nigeria,2020,1,20,55,5,3.6,0.5,-8.3,9.90%,17.60%,18.20%,54.90%,6.50%
Payton Pritchard,BOS,23,1-Jun,195,Oregon,USA,2020,1,26,55,7.3,2.3,1.8,0.2,2.70%,9.10%,15.60%,58.70%,13.80%
Paul Watson,TOR,26,6-Jun,210,Fresno State,USA,Undrafted,Undrafted,Undrafted,27,4.1,1.7,0.6,-1.7,1.20%,12.90%,13.30%,64.90%,8.10%
Paul Reed,PHI,21,9-Jun,210,DePaul,USA,2020,2,58,19,3,2.2,0.4,13.5,13.30%,15.60%,20.00%,51.10%,8.80%
Paul Millsap,DEN,36,7-Jun,257,Louisiana Tech,USA,2006,2,47,48,8.9,4.8,1.7,2.8,6.60%,17.20%,17.70%,57.80%,10.60%
Paul George,LAC,30,8-Jun,220,Fresno State,USA,2010,1,10,47,23.7,6.5,5.3,11.2,2.80%,16.70%,29.60%,60.90%,24.70%
Patty Mills,SAS,32,1-Jun,180,St.Mary's College of California,Australia,2009,2,55,57,11.5,1.7,2.5,3.7,1.10%,5.10%,17.80%,58.30%,14.30%
Patrick Williams,CHI,19,7-Jun,215,Florida State,USA,2020,1,4,60,9.1,4.7,1.4,-6.6,3.20%,13.30%,14.50%,55.90%,6.70%
Patrick Patterson,LAC,32,8-Jun,235,Kentucky,USA,2010,1,14,34,5.1,1.9,0.6,5.3,3.00%,9.60%,13.80%,58.50%,6.40%
Patrick McCaw,TOR,25,7-Jun,181,UNLV,USA,2016,2,38,5,1,0.6,0.8,-33,2.70%,7.10%,2.60%,107.80%,19.00%
Patrick Beverley,LAC,32,1-Jun,180,Arkansas,USA,2009,2,42,31,8,3.6,2.1,10.7,4.00%,11.50%,14.40%,59.80%,11.90%
Pat Connaughton,MIL,28,5-Jun,209,Notre Dame,USA,2015,2,41,57,7.1,4.8,1.2,8,4.20%,14.70%,11.50%,59.60%,6.70%
Pascal Siakam,TOR,27,9-Jun,230,New Mexico State,Cameroon,2016,1,27,49,21.1,7.2,4.7,4.3,4.40%,15.60%,25.70%,55.30%,20.40%
PJ Dozier,DEN,24,6-Jun,205,South Carolina,USA,Undrafted,Undrafted,Undrafted,46,7.6,3.7,1.8,9.8,3.40%,13.90%,16.50%,50.80%,12.00%
P.J. Washington,CHA,22,7-Jun,230,Kentucky,USA,2019,1,12,53,12.3,6.4,2.6,1.2,4.60%,16.40%,19.10%,55.20%,12.80%
P.J. Tucker,MIL,35,5-Jun,245,Texas-Austin,USA,2006,2,35,41,4,4.2,1.2,-6.4,3.50%,11.90%,7.70%,50.00%,5.90%
Otto Porter Jr.,ORL,27,8-Jun,198,Georgetown,USA,2013,1,3,28,9.7,5.4,2,-3,4.40%,19.80%,18.40%,55.20%,13.30%
Oshae Brissett,IND,22,7-Jun,210,Syracuse,Canada,Undrafted,Undrafted,Undrafted,9,8.4,4.3,0.6,18.8,6.80%,14.60%,14.50%,67.60%,3.90%
Onyeka Okongwu,ATL,20,8-Jun,235,Southern California,USA,2020,1,6,40,3.9,3,0.2,-9.2,8.80%,18.40%,13.50%,62.50%,3.20%
Obi Toppin,NYK,23,9-Jun,220,Dayton,USA,2020,1,8,52,4,2.3,0.5,1.6,3.70%,15.80%,15.70%,56.30%,6.50%
OG Anunoby,TOR,23,7-Jun,232,Indiana,United Kingdo...,2017,1,23,40,15.5,5.6,2,4,3.90%,12.50%,18.90%,60.90%,9.10%
Norvel Pelle,NYK,28,10-Jun,231,Iona,USA,Undrafted,Undrafted,Undrafted,8,2,1.9,0.1,13.1,9.30%,16.90%,12.90%,54.60%,2.30%
Norman Powell,POR,27,3-Jun,215,UCLA,USA,2015,2,46,58,18.9,3,1.9,0.1,1.80%,7.80%,22.70%,62.40%,9.30%
Noah Vonleh,BKN,25,10-Jun,257,Indiana,USA,2014,1,9,4,0,0.3,0.3,-63.2,0.00%,14.30%,21.70%,0.00%,14.30%
Nikola Vucevic,CHI,30,11-Jun,260,Southern California,Montenegro,2011,1,16,62,23.9,11.3,3.7,-7.9,5.70%,28.50%,29.10%,57.50%,20.50%
Nikola Jokic,DEN,26,11-Jun,284,None,Serbia,2014,2,41,61,26.2,11,8.7,8,8.70%,23.50%,29.00%,64.50%,38.30%
Nicolo Melli,DAL,30,9-Jun,236,None,Italy,Undrafted,Undrafted,Undrafted,35,2.3,2.7,1,4,4.20%,17.10%,10.90%,40.10%,10.80%
Nicolas Claxton,BKN,22,11-Jun,215,Georgia,USA,2019,2,31,25,6.6,5,1.1,13.3,7.80%,18.10%,14.10%,58.50%,8.30%
Nicolas Batum,LAC,32,8-Jun,230,None,France,2008,1,25,59,8.2,4.9,2.3,9.6,3.00%,14.40%,11.60%,61.20%,10.60%
Nico Mannion,GSW,20,2-Jun,190,Arizona,Italy,2020,2,48,24,4.3,1.4,2.2,-9.2,1.00%,10.50%,19.30%,48.10%,25.50%
Nickeil Alexander-Walker,NOP,22,6-Jun,205,Virginia Tech,Canada,2019,1,17,41,10.2,3.1,2,-2.9,1.10%,13.50%,22.10%,52.40%,14.50%
Nick Richards,CHA,23,Jul-00,245,Kentucky,Jamaica,2020,2,42,17,0.9,0.5,0.1,-10,2.90%,9.70%,10.80%,58.40%,5.70%
Nerlens Noel,NYK,27,11-Jun,220,Kentucky,USA,2013,1,6,55,5.1,6.5,0.8,1.4,9.80%,16.90%,9.40%,63.70%,4.40%
Nemanja Bjelica,MIA,32,10-Jun,234,None,Serbia,2010,2,35,35,6,3.3,1.7,-8.1,4.60%,17.90%,17.80%,53.70%,15.30%
Naz Reid,MIN,21,9-Jun,264,Louisiana State,USA,Undrafted,Undrafted,Undrafted,60,11.1,4.5,1.1,-10.1,5.10%,17.30%,21.80%,60.10%,9.10%
Nathan Knight,ATL,23,10-Jun,253,William & Mary,USA,Undrafted,Undrafted,Undrafted,28,3.6,2,0.2,-5.7,9.10%,14.60%,20.60%,50.60%,4.30%
Nate Hinton,DAL,21,5-Jun,210,Houston,USA,Undrafted,Undrafted,Undrafted,14,1.5,0.4,0.3,-21.5,1.80%,7.30%,21.70%,46.40%,16.70%
Nate Darling,CHA,22,6-Jun,200,Delaware,Canada,Undrafted,Undrafted,Undrafted,6,1.5,0.2,0.2,-56,3.60%,0.00%,14.50%,54.10%,14.30%
Nassir Little,POR,21,5-Jun,220,North Carolina,USA,2019,1,25,40,4.9,2.9,0.5,-3.2,4.90%,14.90%,13.30%,59.90%,4.90%
Naji Marshall,NOP,23,7-Jun,220,Xavier,USA,Undrafted,Undrafted,Undrafted,21,5.9,3.7,2.6,0.8,1.40%,16.80%,14.20%,49.30%,17.30%
Myles Turner,IND,25,11-Jun,250,Texas-Austin,USA,2015,1,11,47,12.6,6.5,1,1.3,4.30%,15.90%,16.70%,59.90%,4.70%
Mychal Mulder,GSW,26,3-Jun,184,Kentucky,Canada,Undrafted,Undrafted,Undrafted,49,4,0.8,0.4,0.3,0.40%,6.30%,14.30%,58.30%,4.80%
Moses Brown,OKC,21,2-Jul,245,UCLA,USA,Undrafted,Undrafted,Undrafted,32,8.5,8.3,0.2,-18.3,14.00%,23.20%,16.10%,57.60%,1.40%
Moritz Wagner,ORL,24,11-Jun,245,Michigan,Germany,2018,1,25,34,5.6,2.7,1.1,0,3.50%,15.70%,17.90%,59.20%,12.90%
Montrezl Harrell,LAL,27,7-Jun,240,Louisville,USA,2015,2,32,60,14,6.6,1.1,3.1,10.10%,16.80%,20.90%,65.00%,7.60%
Monte Morris,DEN,25,2-Jun,183,Iowa State,USA,2017,2,51,44,10.3,2.2,3.2,7.1,0.90%,7.30%,15.80%,57.20%,16.70%
Mo Bamba,ORL,22,Jul-00,231,Texas-Austin,USA,2018,1,6,37,7.2,4.8,0.6,-11.7,9.20%,23.90%,21.30%,57.30%,7.20%
Miye Oni,UTA,23,5-Jun,206,Yale,USA,2019,2,58,44,2,1.6,0.4,8.6,4.50%,11.00%,10.70%,51.30%,5.50%
Mitchell Robinson,NYK,23,Jul-00,240,Western Kentucky,USA,2018,2,36,31,8.3,8.1,0.5,-0.4,12.40%,15.50%,11.40%,64.20%,3.00%
Miles Bridges,CHA,23,6-Jun,225,Michigan State,USA,2018,1,12,60,11.9,6.1,2.1,1.6,4.20%,16.20%,16.40%,62.80%,10.50%
Mike Scott,PHI,32,7-Jun,237,Virginia,USA,2012,2,43,41,4.4,2.6,0.7,0.5,1.20%,13.30%,11.30%,51.30%,5.50%
Mike Muscala,OKC,29,10-Jun,240,Bucknell,USA,2013,2,44,35,9.7,3.8,0.8,0.6,2.80%,15.70%,19.40%,59.90%,6.90%
Mike James,BKN,30,1-Jun,175,Lamar,USA,Undrafted,Undrafted,Undrafted,2,5,1.5,1.5,21.3,3.30%,7.10%,19.70%,43.00%,14.30%
Mike Conley,UTA,33,1-Jun,175,Ohio State,USA,2007,1,4,49,16.4,3.4,6,15.9,2.40%,8.00%,22.40%,59.00%,30.00%
Mikal Bridges,PHX,24,6-Jun,209,Villanova,USA,2018,1,10,61,13.1,4.4,2.2,6.7,3.70%,9.90%,14.70%,64.60%,8.90%
Michael Porter Jr.,DEN,22,10-Jun,218,Missouri,USA,2018,1,14,51,18.5,7.6,1,8.3,5.80%,19.10%,20.80%,66.20%,4.70%
Michael Carter-Williams,ORL,29,5-Jun,190,Syracuse,USA,2013,1,11,31,8.8,4.5,4.2,-2.5,4.40%,12.30%,19.80%,44.90%,23.80%
Mfiondu Kabengele,CLE,23,9-Jun,250,Florida State,Canada,2019,1,27,28,1.3,0.7,0.3,-6.3,0.80%,12.60%,17.30%,41.40%,8.80%
Meyers Leonard,MIA,29,Jul-00,260,Illinois,USA,2012,1,11,3,3.3,2.3,0.7,-1.4,0.00%,24.10%,15.20%,63.50%,10.50%
Maxi Kleber,DAL,29,10-Jun,240,None,Germany,Undrafted,Undrafted,Undrafted,44,7,5.3,1.3,4.2,3.40%,15.10%,10.20%,60.30%,6.40%
Max Strus,MIA,25,5-Jun,215,DePaul,USA,Undrafted,Undrafted,Undrafted,33,5.5,0.9,0.5,-7.9,0.80%,6.50%,17.30%,59.40%,6.90%
Maurice Harkless,SAC,27,7-Jun,220,St. John's,USA,2012,1,15,27,4.5,2.1,0.9,-5.5,2.00%,9.30%,10.30%,56.30%,6.30%
Matthew Dellavedova,CLE,30,3-Jun,200,St.Mary's College of California,Australia,Undrafted,Undrafted,Undrafted,13,2.8,1.8,4.5,-3.1,2.90%,8.50%,12.50%,31.20%,33.70%
Matt Thomas,UTA,26,4-Jun,190,Iowa State,USA,Undrafted,Undrafted,Undrafted,35,2.7,0.9,0.4,-8.5,1.80%,9.90%,17.40%,47.90%,8.50%
Matisse Thybulle,PHI,24,5-Jun,201,Washington,USA,2019,1,20,58,3.8,2,0.9,3.5,2.50%,7.20%,8.80%,50.70%,6.30%
Mason Plumlee,DET,31,11-Jun,254,Duke,USA,2013,1,22,55,10.3,9.3,3.6,-4.5,9.40%,26.70%,16.20%,63.70%,20.30%
Mason Jones,PHI,22,4-Jun,200,Arkansas,USA,Undrafted,Undrafted,Undrafted,32,5.3,1.7,1.3,-9.9,1.80%,14.50%,21.70%,55.60%,21.10%
Marvin Bagley III,SAC,22,11-Jun,235,Duke,USA,2018,1,2,37,13.9,7.4,0.9,-5.7,9.10%,19.50%,22.50%,55.30%,5.30%
Marquese Chriss,GSW,23,9-Jun,240,Washington,USA,2016,1,8,2,6.5,6.5,1,-40.3,7.50%,38.50%,25.00%,41.20%,20.00%
Marques Bolden,CLE,23,10-Jun,249,Duke,USA,2019,,,6,1.2,1,0,12.3,8.30%,8.80%,13.60%,53.70%,0.00%
Markus Howard,DEN,22,10-May,175,Marquette,USA,Undrafted,Undrafted,Undrafted,30,1.1,0.4,0.4,-27.8,0.00%,11.20%,22.90%,32.40%,19.40%
Markieff Morris,LAL,31,9-Jun,245,Kansas,USA,2011,1,13,53,7.2,4.5,1.2,0.5,3.90%,17.70%,15.90%,52.90%,8.30%
Markelle Fultz,ORL,22,3-Jun,209,Washington,USA,2017,1,1,8,12.9,3.1,5.4,-6.5,2.10%,9.50%,25.00%,45.80%,29.30%
Marcus Smart,BOS,27,3-Jun,220,Oklahoma State,USA,2014,1,6,41,13.6,3.4,5.5,3.3,2.20%,8.20%,18.00%,55.80%,22.50%
Marcus Morris Sr.,LAC,31,8-Jun,218,Kansas,USA,2011,1,14,49,13.6,4.2,1,4,2.50%,13.60%,19.50%,60.60%,5.50%
Marc Gasol,LAL,36,11-Jun,255,None,Spain,2007,2,48,45,5.3,4.1,2.1,3.5,4.10%,16.40%,12.40%,59.20%,14.10%
Mamadi Diakite,MIL,24,9-Jun,228,Virginia,Guinea,Undrafted,Undrafted,Undrafted,12,2.6,2.3,0.5,10.6,5.50%,16.80%,13.80%,49.00%,7.90%
Malik Monk,CHA,23,3-Jun,200,Kentucky,USA,2017,1,11,32,13.1,2.7,1.9,3.2,1.70%,10.40%,23.60%,59.80%,13.90%
Malik Fitts,LAC,23,8-Jun,230,None,USA,Undrafted,Undrafted,Undrafted,3,1,1,0,-27.3,0.00%,30.00%,12.00%,50.00%,0.00%
Malik Beasley,MIN,24,4-Jun,187,Florida State,USA,2016,1,19,37,19.6,4.4,2.4,-7.2,2.10%,11.20%,23.50%,57.00%,11.40%
Malcolm Brogdon,IND,28,5-Jun,229,Virginia,USA,2016,2,36,54,21.6,5.3,6,0.3,2.90%,11.70%,25.70%,56.40%,27.10%
Malachi Flynn,TOR,22,1-Jun,175,San Diego State,USA,2020,1,29,36,5.9,2.1,2.6,-1.7,1.20%,10.40%,17.10%,47.10%,23.20%
Luke Kornet,BOS,25,2-Jul,250,Vanderbilt,USA,Undrafted,Undrafted,Undrafted,24,2.8,1.8,0.6,6.6,3.20%,14.50%,13.20%,48.80%,8.50%
Luke Kennard,LAC,24,5-Jun,206,Duke,USA,2017,1,12,56,8.4,2.7,1.7,0.1,1.30%,12.40%,16.60%,61.20%,12.10%
Luka Samanic,SAS,21,10-Jun,227,None,Croatia,2019,1,19,27,3.3,2,0.5,-2.6,4.90%,16.30%,17.90%,49.70%,7.80%
Luka Doncic,DAL,22,7-Jun,230,None,Slovenia,2018,1,3,55,28.4,8,8.7,3,2.20%,19.80%,34.80%,59.00%,42.50%
Luguentz Dort,OKC,22,3-Jun,215,Arizona State,Canada,Undrafted,Undrafted,Undrafted,46,14,3.7,1.6,-6.6,2.20%,9.60%,21.40%,52.60%,8.40%
Lou Williams,ATL,34,1-Jun,175,None,USA,2005,2,45,56,12.2,2,3.4,2.7,1.40%,7.30%,24.70%,52.60%,22.60%
Lonzo Ball,NOP,23,6-Jun,190,UCLA,USA,2017,1,2,47,14.1,4.2,5.7,0.8,1.70%,11.70%,19.70%,55.90%,24.40%
Lonnie Walker IV,SAS,22,4-Jun,204,Miami,USA,2018,1,18,48,10.7,2.5,1.6,-4.5,0.80%,9.40%,19.80%,51.70%,9.40%
LeBron James,LAL,36,9-Jun,250,None,USA,2003,1,1,41,25.4,7.9,7.9,9.8,1.80%,20.60%,31.00%,60.50%,39.20%
Lauri Markkanen,CHI,23,Jul-00,240,Arizona,Finland,2017,1,7,41,14.3,5.2,0.9,-2.6,2.60%,16.90%,20.10%,61.40%,5.20%
Larry Nance Jr.,CLE,28,7-Jun,245,Wyoming,USA,2015,1,27,35,9.3,6.7,3.1,-5.6,4.90%,16.90%,13.90%,55.70%,14.50%
Langston Galloway,PHX,29,1-Jun,200,St. Joseph's (PA),USA,Undrafted,Undrafted,Undrafted,35,4.7,1,0.7,6.3,1.40%,7.90%,15.70%,62.90%,8.50%
Landry Shamet,BKN,24,4-Jun,190,Wichita State,USA,2018,1,26,50,9.3,1.8,1.5,-0.1,0.90%,7.00%,17.00%,58.30%,9.50%
Lamar Stevens,CLE,23,6-Jun,230,Penn State,USA,Undrafted,Undrafted,Undrafted,40,4.1,2.4,0.6,-10.4,4.40%,14.50%,15.20%,52.10%,7.90%
LaMelo Ball,CHA,19,6-Jun,180,None,USA,2020,1,3,41,15.9,5.9,6.1,-2.2,4.40%,15.90%,24.20%,56.20%,31.90%
LaMarcus Aldridge,BKN,35,11-Jun,250,University of Texas at Austin,USA,2006,1,2,26,13.5,4.5,1.9,-2.8,2.70%,14.80%,22.40%,55.60%,10.90%
Kyrie Irving,BKN,29,2-Jun,195,Duke,Australia,2011,1,1,45,27.3,5,6.5,6.1,3.10%,10.50%,29.90%,61.30%,28.60%
Kyle Lowry,TOR,35,Jun-00,196,Villanova,USA,2006,1,24,43,16.5,5.5,7.3,-0.2,2.20%,13.80%,20.80%,58.00%,30.80%
Kyle Kuzma,LAL,25,10-Jun,221,Utah,USA,2017,1,27,58,12.9,6.4,1.7,0.1,5.90%,16.20%,20.30%,54.00%,9.20%
Kyle Guy,SAC,23,1-Jun,167,Virginia,USA,2019,2,55,24,2.9,1,0.9,9,2.20%,12.20%,18.30%,48.80%,15.80%
Kyle Anderson,MEM,27,9-Jun,230,UCLA,USA,2014,1,30,58,12.2,6,3.5,0.6,2.90%,18.20%,18.10%,57.10%,17.80%
Kristaps Porzingis,DAL,25,3-Jul,240,None,Latvia,2015,1,4,39,20.4,9.3,1.6,1.1,6.20%,22.30%,26.10%,57.90%,8.30%
Kris Dunn,ATL,27,3-Jun,205,Providence,USA,2016,1,5,1,0,1,0,-14.3,0.00%,7.70%,20.00%,0.00%,0.00%
Kostas Antetokounmpo,LAL,23,10-Jun,200,Dayton,Greece,2018,2,60,14,0.9,1.4,0.1,27,6.50%,22.70%,17.60%,38.20%,2.30%
Kira Lewis Jr.,NOP,20,1-Jun,170,Alabama,USA,2020,1,13,43,6.4,1.2,2.3,1.7,1.20%,6.00%,18.10%,48.30%,19.80%
Killian Tillie,MEM,23,9-Jun,220,Gonzaga,France,Undrafted,Undrafted,Undrafted,14,2.6,1.2,0.3,0,4.50%,8.10%,15.30%,40.70%,4.80%
Killian Hayes,DET,19,5-Jun,195,None,France,2020,1,7,17,5.7,2.2,4.4,-7.5,1.20%,8.30%,18.20%,39.80%,27.20%
Khris Middleton,MIL,29,7-Jun,222,Texas A&M,USA,2012,2,39,58,20.1,5.9,5.4,5.4,2.50%,14.20%,24.30%,59.00%,22.90%
Khem Birch,TOR,28,9-Jun,233,UNLV,Canada,Undrafted,Undrafted,Undrafted,56,5.9,5.2,1.1,-2,10.50%,12.90%,12.20%,53.70%,7.80%
Kevon Looney,GSW,25,9-Jun,222,UCLA,USA,2015,1,30,50,3.9,4.8,1.9,4.7,10.60%,15.80%,9.70%,57.00%,14.00%
Kevin Porter Jr.,HOU,20,4-Jun,203,Southern California,USA,2019,1,30,21,15.5,3.8,6.2,-12.7,1.90%,10.20%,24.20%,51.70%,29.20%
Kevin Love,CLE,32,8-Jun,251,UCLA,USA,2008,1,5,18,11.7,6.4,2.3,-0.3,2.90%,25.20%,22.40%,53.80%,14.00%
Kevin Knox II,NYK,21,7-Jun,215,Kentucky,USA,2018,1,9,38,4.2,1.6,0.5,-3.4,2.10%,10.20%,15.00%,54.10%,6.10%
Kevin Huerter,ATL,22,7-Jun,190,Maryland,USA,2018,1,19,62,12.3,3.3,3.5,0.2,1.80%,8.80%,16.80%,55.10%,16.20%
Kevin Durant,BKN,32,10-Jun,240,Texas-Austin,USA,2007,1,2,25,27.5,6.7,5.2,10.9,1.20%,17.70%,30.90%,67.40%,23.80%
Kenyon Martin Jr.,HOU,20,6-Jun,215,None,USA,2020,2,52,34,6.9,4.6,0.6,-7.9,7.40%,14.20%,13.70%,57.90%,4.70%
Kentavious Caldwell-Pope,LAL,28,5-Jun,204,Georgia,USA,2013,1,8,56,9.7,2.7,1.6,3.5,1.60%,8.40%,14.30%,58.70%,8.00%
Kent Bazemore,GSW,31,4-Jun,195,Old Dominion,USA,Undrafted,Undrafted,Undrafted,57,6.7,3.1,1.6,5.8,2.30%,13.70%,16.30%,56.60%,11.80%
Kenrich Williams,OKC,26,6-Jun,210,TCU,USA,Undrafted,Undrafted,Undrafted,61,7.6,4.2,2.2,-4.3,5.90%,12.90%,14.40%,59.50%,14.90%
Kendrick Nunn,MIA,25,2-Jun,190,Oakland,USA,Undrafted,Undrafted,Undrafted,47,14,3.2,2.8,-0.4,1.30%,9.80%,20.60%,58.30%,15.00%
Kemba Walker,BOS,30,Jun-00,184,Connecticut,USA,2011,1,9,39,18.2,3.9,5,2.8,1.00%,11.40%,25.10%,54.60%,23.90%
Kelly Oubre Jr.,GSW,25,7-Jun,203,Kansas,USA,2015,1,15,54,15.5,6,1.4,-3.5,4.60%,13.50%,21.40%,53.20%,6.80%
Kelly Olynyk,HOU,30,11-Jun,240,Gonzaga,Canada,2013,1,13,60,12.3,6.6,2.3,-1.9,3.90%,19.00%,17.80%,60.60%,12.40%
Keljin Blevins,POR,25,4-Jun,200,Montana State,USA,2019,,,10,0.4,0.2,0.4,-9.5,0.00%,3.10%,13.20%,14.30%,12.10%
Keldon Johnson,SAS,21,5-Jun,220,Kentucky,USA,2019,1,29,57,12.9,6.4,1.8,-1.8,4.90%,17.00%,18.70%,55.90%,8.60%
Kelan Martin,IND,25,5-Jun,230,Butler,USA,Undrafted,Undrafted,Undrafted,23,2.1,1.3,0.3,20.8,6.40%,14.80%,18.00%,47.90%,8.20%
Keita Bates-Diop,SAS,25,8-Jun,229,Ohio State,USA,2018,2,48,22,2.2,1.1,0.4,-13.7,3.20%,12.60%,14.40%,49.40%,9.60%
Kawhi Leonard,LAC,29,7-Jun,225,San Diego State,USA,2011,1,15,46,25.7,6.7,5.1,11.8,3.50%,16.50%,28.60%,62.20%,23.30%
Karl-Anthony Towns,MIN,25,11-Jun,248,Kentucky,USA,2015,1,1,40,24.7,10.9,4.5,-2.6,7.40%,24.40%,28.20%,61.60%,21.60%
Karim Mane,ORL,20,3-Jun,190,None,Senegal,Undrafted,Undrafted,Undrafted,10,1.1,1.4,0.4,-12,1.00%,15.10%,8.50%,36.20%,6.10%
KZ Okpala,MIA,21,8-Jun,215,Stanford,USA,2019,2,32,31,2.4,1.9,0.5,-9.5,4.50%,10.80%,11.70%,40.80%,5.60%
Juwan Morgan,UTA,24,7-Jun,232,Indiana,USA,Undrafted,Undrafted,Undrafted,23,1.2,1,0.3,-31,5.10%,13.40%,9.90%,55.80%,10.40%
Jusuf Nurkic,POR,26,11-Jun,290,None,Bosnia and He...,2014,1,16,25,10.2,8.3,3.4,3.8,8.70%,26.50%,20.60%,53.90%,21.30%
Justise Winslow,MEM,25,6-Jun,222,Duke,USA,2015,1,10,21,6.7,4.3,1.9,-4.8,3.10%,17.60%,21.10%,37.90%,13.10%
Justin Robinson,OKC,23,1-Jun,195,Virginia Tech,USA,2019,,,9,2.3,0.8,1,-22,1.10%,6.70%,11.10%,45.30%,15.00%
Justin Patton,HOU,23,11-Jun,241,Creighton,USA,2017,1,16,13,5.4,3.8,1.1,-14.1,4.70%,14.20%,12.80%,48.80%,8.40%
Justin James,SAC,24,7-Jun,190,Wyoming,USA,2019,2,40,26,1.8,0.4,0.6,-7.8,1.70%,5.10%,14.20%,48.60%,13.90%
Justin Jackson,MIL,26,8-Jun,220,North Carolina,USA,2017,1,15,33,7.2,2.2,1.5,-3.7,2.40%,9.90%,19.90%,51.90%,14.40%
Justin Holiday,IND,32,6-Jun,180,Washington,USA,Undrafted,Undrafted,Undrafted,60,10.5,3.7,1.6,-0.8,1.50%,10.00%,13.90%,55.90%,7.00%
Julius Randle,NYK,26,8-Jun,250,Kentucky,USA,2014,1,7,61,23.9,10.4,6,3,3.40%,23.30%,28.00%,57.10%,26.40%
Juancho Hernangomez,MIN,25,9-Jun,214,None,Spain,2016,1,15,43,7,3.9,0.6,-5.6,4.70%,18.20%,16.40%,56.30%,5.40%
Juan Toscano-Anderson,GSW,28,6-Jun,209,Marquette,USA,Undrafted,Undrafted,Undrafted,42,5.3,4,2.4,4,3.00%,16.90%,11.00%,68.20%,17.00%
Jrue Holiday,MIL,30,3-Jun,205,UCLA,USA,2009,1,17,48,17.2,4.5,5.7,9.4,3.70%,9.40%,21.30%,59.70%,24.50%
Josh Richardson,DAL,27,5-Jun,200,Tennessee,USA,2015,2,40,48,12.3,3.5,2.8,-1,2.70%,8.00%,17.50%,54.20%,12.50%
Josh Okogie,MIN,22,4-Jun,213,Georgia Tech,Nigeria,2018,1,20,49,5.7,2.6,1.1,-6.1,4.20%,7.70%,12.10%,52.40%,6.90%
Josh Jackson,DET,24,8-Jun,207,Kansas,USA,2017,1,4,56,13.7,4,2.2,-1.8,3.50%,12.20%,25.50%,52.20%,14.40%
Josh Hart,NOP,26,5-Jun,215,Villanova,USA,2017,1,30,47,9.2,8,2.3,-0.2,3.90%,23.40%,13.30%,56.60%,10.90%
Josh Hall,OKC,20,9-Jun,190,None,USA,Undrafted,Undrafted,Undrafted,14,2.6,2,1.3,-10.2,0.50%,14.00%,17.40%,32.00%,15.10%
Josh Green,DAL,20,5-Jun,200,Arizona,Australia,2020,1,18,29,2.2,1.9,0.5,0.9,5.90%,12.00%,11.50%,47.40%,6.40%
Jordan Poole,GSW,21,4-Jun,194,Michigan,USA,2019,1,28,40,10.9,1.6,1.9,-0.3,1.00%,7.00%,23.90%,56.90%,16.40%
Jordan Nwora,MIL,22,8-Jun,225,Louisville,USA,2020,2,45,25,5.5,1.8,0.3,5,1.80%,14.50%,24.90%,58.40%,4.50%
Jordan McLaughlin,MIN,25,11-May,185,Southern California,USA,Undrafted,Undrafted,Undrafted,42,5,2.1,4.1,-6.7,1.90%,8.70%,13.30%,48.00%,30.80%
Jordan Clarkson,UTA,28,4-Jun,194,Missouri,USA,2014,2,46,57,17.4,4,2.3,8.3,2.70%,11.70%,28.20%,54.40%,14.10%
Jordan Bone,ORL,23,2-Jun,180,Tennessee,USA,2019,2,57,14,4,1.7,1.3,-14.3,1.80%,10.20%,12.10%,51.90%,14.30%
Jordan Bell,WAS,26,8-Jun,216,Oregon,USA,2017,2,38,5,2.8,3.8,1,-20.2,7.10%,19.70%,14.40%,35.00%,11.90%
Jontay Porter,MEM,21,11-Jun,240,Missouri,USA,Undrafted,Undrafted,Undrafted,8,1.4,1.1,0.1,-10.5,5.70%,25.00%,22.70%,53.30%,10.00%
Jonas Valanciunas,MEM,28,11-Jun,265,None,Lithuania,2011,1,5,52,17,12.3,1.8,3.8,13.50%,28.90%,22.30%,62.40%,9.70%
John Wall,HOU,30,3-Jun,210,Kentucky,USA,2010,1,1,40,20.6,3.2,6.9,-5.7,1.20%,8.40%,31.60%,50.30%,36.50%
John Konchar,MEM,25,5-Jun,210,Indiana-Purdue Fort Wayne,USA,Undrafted,Undrafted,Undrafted,35,3.7,2.8,1.1,-0.4,4.90%,15.70%,11.80%,56.70%,10.40%
John Collins,ATL,23,9-Jun,235,Wake Forest,USA,2017,1,19,53,17.8,7.7,1.3,3.1,6.80%,18.20%,21.40%,63.40%,7.00%
Joel Embiid,PHI,27,Jul-00,280,Kansas,Cameroon,2014,1,3,42,29.8,11,3.1,11.2,7.70%,25.90%,35.50%,63.80%,16.60%
Joe Ingles,UTA,33,8-Jun,220,None,Australia,Undrafted,Undrafted,Undrafted,56,12.2,3.7,4.4,11.5,1.50%,11.10%,15.90%,70.00%,22.40%
Joe Harris,BKN,29,6-Jun,220,Virginia,USA,2014,2,33,61,14.4,3.6,1.9,7.2,2.20%,9.00%,15.80%,67.40%,8.00%
Jimmy Butler,MIA,31,7-Jun,230,Marquette,USA,2011,1,30,45,21.5,7,7.3,3.9,5.50%,15.30%,26.10%,60.10%,36.10%
Jevon Carter,PHX,25,1-Jun,200,West Virginia,USA,2018,2,32,49,3.8,1.4,1.1,1.9,2.10%,10.90%,14.40%,55.10%,13.70%
Jerome Robinson,WAS,24,4-Jun,190,Boston College,USA,2018,1,13,17,4.9,2.2,1.5,-13.1,1.10%,10.50%,16.10%,40.00%,11.40%
Jeremy Lamb,IND,28,5-Jun,180,Connecticut,USA,2012,1,12,36,10.1,3.6,1.5,-0.3,3.20%,13.70%,18.00%,58.70%,9.40%
Jerami Grant,DET,27,8-Jun,210,Syracuse,USA,2014,2,39,53,22.5,4.6,2.8,-2.7,1.80%,11.80%,27.80%,55.60%,14.60%
Jeff Teague,MIL,32,3-Jun,195,Wake Forest,USA,2009,1,19,46,6.6,1.7,2.4,3.1,1.60%,7.70%,16.80%,54.40%,17.80%
Jeff Green,BKN,34,8-Jun,235,Georgetown,USA,2007,1,5,57,10.4,3.7,1.6,3.6,1.80%,11.40%,15.00%,60.00%,8.10%
Jayson Tatum,BOS,23,8-Jun,210,Duke,USA,2017,1,3,55,25.7,7.4,4.3,3.2,2.00%,19.10%,29.60%,56.90%,19.60%
Jaylen Nowell,MIN,21,4-Jun,201,Washington,USA,2019,2,43,38,9.5,2.3,1.6,-7.1,2.20%,9.70%,20.80%,53.00%,13.40%
Jaylen Hoard,OKC,22,8-Jun,216,Wake Forest,France,Undrafted,Undrafted,Undrafted,11,5.6,3.5,0.8,-11.1,7.70%,11.40%,16.60%,51.70%,7.60%
Jaylen Brown,BOS,24,6-Jun,223,California,USA,2016,1,3,54,24.4,5.8,3.4,2,3.50%,13.20%,28.90%,59.20%,16.50%
Jaylen Adams,MIL,24,Jun-00,225,St. Bonaventure,USA,Undrafted,Undrafted,Undrafted,7,0.3,0.4,0.3,-31,0.00%,14.30%,17.80%,12.50%,20.00%
Jaxson Hayes,NOP,20,11-Jun,220,Texas-Austin,USA,2019,1,8,49,6.3,3.9,0.5,0.4,8.30%,16.40%,14.20%,68.90%,5.40%
Javonte Green,CHI,27,4-Jun,205,Radford,USA,Undrafted,Undrafted,Undrafted,31,3.5,1.9,0.4,-5,5.70%,10.30%,12.00%,59.20%,4.80%
Jarrett Culver,MIN,22,6-Jun,195,Texas Tech,USA,2019,1,6,34,5.3,3.1,0.7,-10.7,5.90%,13.20%,17.90%,47.60%,7.90%
Jarrett Allen,CLE,23,11-Jun,243,Texas-Austin,USA,2017,1,22,52,13.2,9.8,1.6,-4.3,10.50%,23.00%,16.50%,68.50%,8.40%
Jarrell Brantley,UTA,24,5-Jun,250,College of Charleston,USA,2019,2,50,21,1.9,1,0.3,-4.5,5.80%,12.10%,16.40%,57.60%,10.30%
Jarred Vanderbilt,MIN,22,9-Jun,214,Kentucky,USA,2018,2,41,54,5.1,5.4,1.2,-4.9,9.20%,20.90%,12.40%,59.50%,10.40%
Jaren Jackson Jr.,MEM,21,11-Jun,242,Michigan State,USA,2018,1,4,3,16,6,1,2.6,6.90%,21.90%,30.20%,57.10%,6.70%
Jared Harper,NYK,23,10-May,175,Auburn,USA,Undrafted,Undrafted,Undrafted,4,0.5,0,0,-18.6,0.00%,0.00%,20.00%,34.70%,0.00%
Jared Dudley,LAL,35,6-Jun,237,Boston College,USA,2007,1,22,11,0.5,1.7,0.5,-0.7,4.90%,20.00%,4.80%,42.90%,8.30%
James Wiseman,GSW,20,Jul-00,240,Memphis,USA,2020,1,2,39,11.5,5.8,0.7,-8.8,6.30%,19.00%,23.10%,55.20%,5.00%
James Nunnally,NOP,30,7-Jun,205,California-Santa Barbara,USA,Undrafted,Undrafted,Undrafted,4,2.8,1,0,-20.9,3.00%,12.50%,13.20%,68.80%,0.00%
James Johnson,NOP,34,7-Jun,240,Wake Forest,USA,2009,1,16,40,6.8,3.3,2,-4,2.60%,12.80%,16.30%,51.40%,14.10%
James Harden,BKN,31,5-Jun,220,Arizona State,USA,2009,1,3,42,25.2,8,10.9,2.7,2.40%,19.10%,28.60%,61.60%,43.90%
James Ennis III,ORL,30,6-Jun,215,California State-Long Beach,USA,2013,2,50,39,8.6,4.1,1.5,-4.7,4.20%,12.20%,13.70%,61.50%,8.70%
Jamal Murray,DEN,24,3-Jun,215,Kentucky,Canada,2016,1,7,48,21.2,4,4.8,8,2.30%,9.50%,24.40%,59.20%,19.70%
Jalen Smith,PHX,21,10-Jun,215,Maryland,USA,2020,1,10,21,1.2,0.9,0.1,-1.5,6.70%,13.10%,17.20%,39.90%,3.50%
Jalen McDaniels,CHA,23,9-Jun,205,San Diego State,USA,2019,2,52,35,6.5,2.8,1,-6.3,3.80%,12.80%,17.90%,53.50%,9.20%
Jalen Lecque,IND,20,4-Jun,185,None,USA,Undrafted,Undrafted,Undrafted,4,1.3,1.3,0.5,-14.8,8.30%,20.00%,26.30%,24.20%,33.30%
Jalen Harris,TOR,22,5-Jun,195,Nevada,USA,2020,2,59,4,0.8,0.8,0.5,29.8,5.00%,16.70%,12.80%,37.50%,14.30%
Jalen Brunson,DAL,24,1-Jun,190,Villanova,USA,2018,2,33,56,12.5,3.6,3.5,4.3,1.80%,11.70%,19.40%,61.60%,20.80%
Jakob Poeltl,SAS,25,1-Jul,245,Utah,Austria,2016,1,9,59,8.5,8,1.9,3.9,11.90%,17.30%,13.10%,62.10%,9.40%
Jake Layman,MIN,27,8-Jun,209,Maryland,USA,2016,2,47,42,5.3,1.5,0.7,-5.7,2.00%,8.20%,14.70%,57.80%,7.00%
Jahmi'us Ramsey,SAC,19,3-Jun,190,Texas Tech,USA,2020,2,43,5,1.4,0.8,0.2,26.4,0.00%,22.20%,13.30%,70.00%,6.30%
Jahlil Okafor,DET,25,10-Jun,270,Duke,USA,2015,1,3,19,4.4,2.1,0.6,-15.6,6.10%,11.60%,15.80%,63.30%,9.80%
Jae'Sean Tate,HOU,25,4-Jun,230,Ohio State,USA,Undrafted,Undrafted,Undrafted,61,11,5.3,2.3,-3.3,6.20%,11.40%,15.30%,58.30%,11.60%
Jae Crowder,PHX,30,6-Jun,235,Marquette,USA,2012,2,34,55,9.8,4.8,2.1,6,2.00%,15.00%,15.10%,56.70%,10.40%
Jaden McDaniels,MIN,20,9-Jun,185,Washington,USA,2020,1,28,55,6.8,3.7,1.1,-4.3,3.20%,12.10%,12.20%,54.50%,6.30%
Jabari Parker,BOS,26,8-Jun,245,Duke,USA,2014,1,2,8,4.9,3,0.9,-6.7,6.40%,16.70%,17.10%,56.10%,11.70%
JaVale McGee,DEN,33,Jul-00,270,Nevada-Reno,USA,2008,1,18,38,7.6,5.1,0.9,-6.2,10.10%,22.90%,23.40%,55.40%,10.60%
JaMychal Green,DEN,30,8-Jun,227,Alabama,USA,Undrafted,Undrafted,Undrafted,48,8.1,4.9,0.8,5,7.30%,18.50%,17.30%,60.20%,6.00%
JaKarr Sampson,IND,28,7-Jun,214,St. John's,USA,Undrafted,Undrafted,Undrafted,23,3.7,2.4,0.1,10.5,7.80%,15.90%,17.20%,49.40%,1.20%
Ja Morant,MEM,21,3-Jun,174,Murray State,USA,2019,1,2,52,19.7,3.9,7.3,2.2,2.70%,9.00%,27.30%,54.70%,32.30%
JJ Redick,DAL,36,3-Jun,200,Duke,USA,2006,1,11,38,8.2,1.6,1.2,-2.8,0.60%,8.70%,18.20%,58.40%,9.30%
Ivica Zubac,LAC,24,Jul-00,240,None,Croatia,2016,2,32,63,9.1,7.3,1.2,3.2,12.30%,20.00%,14.80%,68.40%,7.60%
Ish Smith,WAS,32,Jun-00,175,Wake Forest,USA,Undrafted,Undrafted,Undrafted,33,5.9,3.2,4.3,1.8,2.20%,12.80%,15.10%,44.90%,27.60%
Isaiah Thomas,NOP,32,9-May,185,Washington,USA,2011,2,60,3,7.7,1.3,1.7,6.7,1.90%,5.20%,27.40%,41.20%,16.70%
Isaiah Stewart,DET,19,8-Jun,250,Washington,USA,2020,1,16,60,7.4,6.6,0.9,-0.3,11.30%,19.70%,14.40%,61.00%,6.60%
Isaiah Roby,OKC,23,8-Jun,230,Nebraska-Lincoln,USA,2019,2,45,50,9,5.7,1.9,-12.1,6.40%,16.70%,17.30%,56.40%,12.70%
Isaiah Joe,PHI,21,4-Jun,165,Arkansas,USA,2020,2,49,33,3.2,0.9,0.5,0.8,1.70%,7.70%,15.50%,47.30%,7.70%
Isaiah Hartenstein,CLE,22,Jul-00,250,None,Germany,2017,2,43,44,5.1,4,1.1,5.3,11.60%,21.00%,18.30%,60.00%,13.60%
Isaac Okoro,CLE,20,5-Jun,225,Auburn,USA,2020,1,5,56,8.4,2.8,1.8,-7.9,3.10%,6.20%,13.00%,51.60%,7.90%
Isaac Bonga,WAS,21,8-Jun,180,None,Germany,2018,2,39,37,2.1,1.8,0.6,-2.9,4.30%,10.00%,10.10%,47.80%,7.10%
Immanuel Quickley,NYK,21,3-Jun,190,Kentucky,USA,2020,1,25,57,11.6,2.2,2.1,6.4,2.10%,9.00%,24.90%,55.60%,17.50%
Iman Shumpert,BKN,30,5-Jun,212,Georgia Tech,USA,2011,1,17,2,1,0.5,0,-4.3,7.70%,0.00%,18.50%,25.00%,0.00%
Ignas Brazdeikis,PHI,22,6-Jun,221,Michigan,Canada,2019,2,47,5,0.4,0.8,0.2,6.7,5.30%,20.00%,16.20%,20.50%,10.00%
Henry Ellenson,TOR,24,10-Jun,240,Marquette,USA,2016,1,18,2,7.5,6,2.5,10.6,6.10%,20.50%,16.70%,47.60%,20.80%
Hassan Whiteside,SAC,31,Jul-00,265,Marshall,USA,2010,2,33,36,8.1,6,0.6,-8.1,10.90%,26.90%,22.70%,56.60%,5.80%
Harry Giles III,POR,23,11-Jun,240,Duke,USA,2017,1,20,30,2.9,3.9,0.8,-8.7,8.50%,25.40%,14.10%,50.80%,11.10%
Harrison Barnes,SAC,28,8-Jun,225,North Carolina,USA,2012,1,7,58,16.1,6.6,3.5,-1.8,3.10%,15.20%,16.90%,62.60%,12.80%
Hamidou Diallo,DET,22,5-Jun,202,Kentucky,USA,2018,2,45,47,10.9,4.9,2,-8.5,5.00%,15.10%,21.60%,53.00%,13.90%
Greg Whittington,DEN,28,8-Jun,210,Georgetown,USA,Undrafted,Undrafted,Undrafted,4,0,0,0,33.3,0.00%,0.00%,10.30%,0.00%,0.00%
Grayson Allen,MEM,25,4-Jun,198,Duke,USA,2018,1,21,47,11.1,3.3,2.1,0.4,1.40%,10.60%,16.60%,59.20%,11.30%
Grant Williams,BOS,22,6-Jun,236,Tennessee,USA,2019,1,22,53,4.4,2.9,1,-0.6,4.10%,11.00%,11.30%,53.50%,7.40%
Grant Riller,CHA,24,2-Jun,190,College of Charleston,USA,2020,2,56,5,2.8,0,0.6,-2.3,0.00%,0.00%,21.70%,77.80%,37.50%
Gorgui Dieng,SAS,31,10-Jun,252,Louisville,Senegal,2013,1,21,29,6.7,3.9,1.1,-4.3,6.90%,18.60%,16.20%,67.10%,11.60%
Gordon Hayward,CHA,31,7-Jun,225,Butler,USA,2010,1,9,44,19.6,5.9,4.1,0.7,2.40%,14.30%,23.50%,58.40%,18.90%
Goran Dragic,MIA,34,3-Jun,190,None,Slovenia,2008,2,45,41,12.9,3.5,4.4,0.6,1.80%,11.30%,23.40%,54.90%,27.50%
Goga Bitadze,IND,21,11-Jun,250,None,Georgia,2019,1,18,37,5.1,3.2,0.7,0,10.00%,16.10%,17.70%,54.70%,8.40%
Glenn Robinson III,SAC,27,6-Jun,222,Michigan,USA,2014,2,40,23,5.3,2,0.9,-17.3,2.80%,9.40%,13.50%,55.40%,7.50%
Giannis Antetokounmpo,MIL,26,11-Jun,242,None,Greece,2013,1,15,51,28.5,11.4,6,10.5,5.00%,26.80%,32.20%,63.20%,28.50%
Georges Niang,UTA,27,7-Jun,230,Iowa State,USA,2016,2,50,61,6.1,2.5,0.7,13,2.60%,12.70%,16.60%,58.90%,7.00%
George Hill,PHI,34,4-Jun,188,Indiana-Purdue Indianapolis,USA,2008,1,26,19,10.1,2,2.7,-2.8,2.40%,5.50%,16.70%,61.90%,16.60%
Gary Trent Jr.,TOR,22,5-Jun,209,Duke,USA,2018,2,37,55,15.2,2.5,1.4,-1.2,1.20%,6.80%,20.10%,54.10%,6.80%
Gary Payton II,GSW,28,3-Jun,195,Oregon State,USA,Undrafted,Undrafted,Undrafted,9,2.3,0.9,0,0,8.00%,17.60%,19.70%,82.30%,0.00%
Gary Harris,ORL,26,4-Jun,210,Michigan State,USA,2014,1,19,28,10.3,2.1,1.9,1.5,2.10%,5.30%,15.70%,51.70%,8.50%
Gary Clark,DEN,26,6-Jun,225,Cincinnati,USA,Undrafted,Undrafted,Undrafted,37,3.2,3.1,0.8,-7.8,4.50%,12.40%,9.80%,43.90%,6.40%
Garrison Mathews,WAS,24,5-Jun,215,Lipscomb,USA,Undrafted,Undrafted,Undrafted,55,5.7,1.5,0.5,-6.9,1.60%,6.50%,11.00%,63.20%,3.40%
Garrett Temple,CHI,34,5-Jun,195,Louisiana State,USA,Undrafted,Undrafted,Undrafted,45,7.8,2.8,2.2,3.5,1.90%,8.40%,13.00%,53.20%,10.00%
Gabe Vincent,MIA,24,3-Jun,200,California-Santa Barbara,USA,Undrafted,Undrafted,Undrafted,43,4.9,1.1,1.3,-5.9,1.50%,6.20%,18.30%,47.70%,14.40%
Furkan Korkmaz,PHI,23,7-Jun,202,None,Turkey,2016,1,26,48,9.5,2,1.4,4.6,1.20%,9.00%,19.50%,55.40%,10.00%
Freddie Gillespie,TOR,23,9-Jun,245,Baylor,USA,Undrafted,Undrafted,Undrafted,9,5.7,3.4,0.6,-8.8,9.70%,11.00%,13.00%,66.60%,5.30%
Fred VanVleet,TOR,27,1-Jun,197,Wichita State,USA,Undrafted,Undrafted,Undrafted,48,19.4,4.2,6.2,4.2,1.50%,10.00%,23.40%,54.10%,26.30%
Frank Ntilikina,NYK,22,4-Jun,200,None,France,2017,1,8,24,3.1,1,0.6,-3.1,1.90%,7.80%,13.60%,51.40%,9.30%
Frank Mason,ORL,27,11-May,190,Kansas,USA,2017,2,34,4,6.3,3,3,-11.1,3.30%,10.30%,17.00%,46.20%,21.80%
Frank Kaminsky,PHX,28,Jul-00,240,Wisconsin,USA,2015,1,9,36,6.1,3.6,1.6,5.4,4.80%,19.30%,18.40%,55.00%,15.10%
Frank Jackson,DET,22,3-Jun,205,Duke,USA,2017,2,31,33,8.7,2,0.7,0.3,2.20%,9.40%,20.20%,60.90%,6.70%
Facundo Campazzo,DEN,30,10-May,195,None,Argentina,Undrafted,Undrafted,Undrafted,55,5.3,1.7,3.1,2.6,1.50%,6.90%,12.30%,54.80%,20.40%
Evan Fournier,BOS,28,7-Jun,205,None,France,2012,1,20,32,17.5,2.7,3.4,-2.2,0.60%,8.40%,23.80%,59.00%,17.40%
Ersan Ilyasova,UTA,33,9-Jun,235,None,Turkey,2005,2,36,11,4.1,1.7,0.2,1.1,4.00%,15.30%,18.50%,60.30%,3.10%
Eric Paschall,GSW,24,6-Jun,255,Villanova,USA,2019,2,41,39,9.5,3.2,1.3,-7.3,3.80%,13.80%,23.40%,55.50%,12.90%
Eric Gordon,HOU,32,3-Jun,215,Indiana,USA,2008,1,7,27,17.8,2.1,2.6,-3.3,0.90%,6.20%,24.60%,57.70%,14.70%
Eric Bledsoe,NOP,31,1-Jun,214,Kentucky,USA,2010,1,18,60,11.9,3.4,3.7,-2.2,1.40%,9.90%,17.80%,53.10%,16.30%
Enes Kanter,POR,28,10-Jun,250,None,Turkey,2011,1,3,60,11.9,11.4,1.3,2.9,14.50%,27.70%,16.80%,64.30%,7.10%
Elijah Hughes,UTA,23,5-Jun,215,Syracuse,USA,2020,2,39,13,1.9,0.5,0.3,-34.3,0.00%,12.50%,26.50%,52.60%,17.40%
Elfrid Payton,NYK,27,3-Jun,195,Louisana-Lafayette,USA,2014,1,10,53,11.2,3.6,3.4,-2,4.60%,9.30%,22.60%,48.90%,20.70%
Edmond Sumner,IND,25,4-Jun,196,Xavier,USA,2017,2,52,47,7.3,1.8,0.9,0.2,2.20%,8.50%,17.50%,62.70%,7.50%
Ed Davis,MIN,31,9-Jun,218,North Carolina,USA,2010,1,13,22,2.2,5.1,1,-7.1,12.90%,23.40%,7.90%,48.70%,10.20%
E'Twaun Moore,PHX,32,3-Jun,191,Purdue,USA,2011,2,55,24,4.3,1.8,1.5,3.4,3.60%,8.30%,15.20%,47.90%,13.40%
Dylan Windler,CLE,24,6-Jun,196,Belmont,USA,2019,1,26,31,5.2,3.5,1.1,-6.5,3.90%,17.10%,14.00%,56.70%,8.90%
Dwight Powell,DAL,29,10-Jun,240,Stanford,Canada,2014,2,45,46,5.2,3.5,0.8,2.9,7.80%,15.40%,13.60%,64.80%,7.60%
Dwight Howard,PHI,35,10-Jun,265,None,USA,2004,1,1,59,6.8,8.4,0.8,-4.1,14.40%,31.50%,17.00%,60.80%,7.30%
Dwayne Bacon,ORL,25,6-Jun,221,Florida State,USA,2017,2,40,61,10.6,3,1.2,-9,1.20%,10.40%,18.90%,49.40%,7.30%
Duncan Robinson,MIA,27,7-Jun,215,Michigan,USA,Undrafted,Undrafted,Undrafted,62,13,3.5,1.8,2.3,0.30%,10.90%,16.00%,62.30%,8.20%
Drew Eubanks,SAS,24,9-Jun,245,Oregon State,USA,Undrafted,Undrafted,Undrafted,42,5.6,4.3,0.9,-2.8,8.00%,20.30%,16.70%,61.60%,9.80%
Draymond Green,GSW,31,6-Jun,230,Michigan State,USA,2012,2,35,53,6.6,6.8,8.8,4,2.90%,17.80%,12.90%,50.00%,34.80%
Doug McDermott,IND,29,7-Jun,225,Creighton,USA,2014,1,11,54,13.1,3.6,1.3,-0.6,4.00%,10.30%,19.30%,62.60%,7.80%
Dorian Finney-Smith,DAL,27,7-Jun,220,Florida,USA,Undrafted,Undrafted,Undrafted,49,9.6,5.6,1.6,3.4,5.50%,11.50%,11.70%,59.50%,6.60%
Donte DiVincenzo,MIL,24,4-Jun,203,Villanova,USA,2018,1,17,56,10.3,5.6,3.1,9.7,4.40%,14.90%,16.50%,53.50%,13.90%
Donta Hall,ORL,23,10-Jun,230,Alabama,USA,Undrafted,Undrafted,Undrafted,5,4.2,3.8,1.2,-15.2,14.10%,20.00%,12.00%,70.80%,14.60%
Donovan Mitchell,UTA,24,1-Jun,215,Louisville,USA,2017,1,13,53,26.4,4.4,5.2,7.9,2.80%,9.50%,32.70%,56.90%,26.60%
Domantas Sabonis,IND,24,11-Jun,240,Gonzaga,Lithuania,2016,1,11,53,19.9,11.6,6,-3.3,6.80%,25.30%,24.10%,58.80%,26.10%
Dillon Brooks,MEM,25,7-Jun,225,Oregon,Canada,2017,2,45,56,16.7,3,2.3,4.6,2.70%,7.10%,25.40%,51.40%,11.20%
Dewayne Dedmon,MIA,31,Jul-00,245,Southern California,USA,Undrafted,Undrafted,Undrafted,7,7,5.4,0.4,21.9,15.60%,27.60%,17.90%,75.90%,4.80%
Devonte' Graham,CHA,26,1-Jun,195,Kansas,USA,2018,2,34,48,14.2,2.6,5.4,3.4,1.30%,7.30%,20.90%,53.90%,27.00%
Devontae Cacok,LAL,24,7-Jun,240,North Carolina-Wilmington,USA,Undrafted,Undrafted,Undrafted,17,2.2,1.8,0.1,19,11.20%,20.60%,15.90%,61.40%,1.60%
Devon Dotson,CHI,21,2-Jun,185,Kansas,USA,Undrafted,Undrafted,Undrafted,6,1,0.5,0.3,3.9,7.70%,5.60%,11.70%,42.90%,15.40%
Devin Vassell,SAS,20,5-Jun,200,Florida State,USA,2020,1,11,50,4.9,2.6,0.9,-0.5,2.30%,13.00%,13.20%,53.80%,7.60%
Devin Cannady,ORL,24,2-Jun,183,Princeton,USA,2019,,,8,4.3,0.6,0.1,-13.7,0.00%,6.50%,18.10%,54.70%,2.30%
Devin Booker,PHX,24,5-Jun,206,Kentucky,USA,2015,1,13,57,25.5,4.1,4.5,7.2,1.40%,10.80%,32.10%,58.50%,20.80%
Desmond Bane,MEM,22,5-Jun,215,TCU,USA,2020,1,30,56,9.1,3,1.7,1.5,1.70%,11.60%,15.40%,60.80%,10.50%
Derrick White,SAS,26,4-Jun,190,Colorado,USA,2017,1,29,36,15.4,3,3.5,5.1,1.20%,8.60%,22.30%,55.00%,16.80%
Derrick Rose,NYK,32,2-Jun,200,Memphis,USA,2008,1,1,41,14,2.4,4.1,3.7,1.40%,7.60%,25.30%,53.10%,28.50%
Derrick Jones Jr.,POR,24,5-Jun,210,UNLV,USA,Undrafted,Undrafted,Undrafted,53,7.1,3.8,0.8,-1.8,5.70%,9.70%,12.30%,57.10%,4.70%
Derrick Favors,UTA,29,9-Jun,265,Georgia Tech,USA,2010,1,3,57,5.4,5.5,0.7,2.3,13.00%,21.60%,12.90%,64.80%,6.50%
Denzel Valentine,CHI,27,4-Jun,220,Michigan State,USA,2016,1,14,54,6.8,3.4,1.6,0.2,2.20%,17.30%,18.70%,48.50%,13.40%
Dennis Smith Jr.,DET,23,2-Jun,205,North Carolina State,USA,2017,1,9,23,6.7,2.4,3.3,-2.2,2.90%,9.90%,19.10%,49.20%,27.60%
Dennis Schroder,LAL,27,3-Jun,172,None,Germany,2013,1,17,57,15.7,3.5,5.8,3.1,1.50%,9.30%,23.00%,54.60%,26.30%
Deni Avdija,WAS,20,9-Jun,210,None,Israel,2020,1,9,54,6.3,4.9,1.2,-2.1,1.70%,18.10%,11.80%,51.50%,6.40%
Delon Wright,SAC,29,5-Jun,185,Utah,USA,2015,1,20,52,9.6,4.1,4.2,-4.3,3.50%,12.40%,15.70%,56.20%,23.50%
Dejounte Murray,SAS,24,4-Jun,180,Washington,USA,2016,1,29,57,15.6,7.1,5.2,3.1,2.50%,19.30%,22.90%,51.00%,24.20%
Deividas Sirvydis,DET,20,8-Jun,190,None,Lithuania,2019,2,37,15,1.1,0.5,0.1,-0.8,0.00%,18.60%,21.80%,45.30%,9.50%
Deandre Ayton,PHX,22,11-Jun,250,Arizona,Bahamas,2018,1,1,61,15,10.7,1.4,6,11.70%,23.80%,18.50%,65.20%,6.60%
Dean Wade,CLE,24,9-Jun,228,Kansas State,USA,Undrafted,Undrafted,Undrafted,52,5.1,3,1.1,-4.6,2.90%,15.40%,12.60%,56.10%,9.80%
DeMarcus Cousins,LAC,30,10-Jun,270,Kentucky,USA,2010,1,5,34,9,7,2.1,-3.7,6.80%,30.20%,24.00%,51.40%,18.50%
DeMar DeRozan,SAS,31,6-Jun,220,Southern California,USA,2009,1,9,51,21.5,4.4,7.2,-1.2,2.20%,10.50%,25.20%,59.10%,31.60%
DeAndre' Bembry,TOR,26,5-Jun,210,St. Joseph's (PA),USA,2016,1,21,40,5,2.6,2,1.7,3.40%,10.60%,13.40%,58.10%,15.80%
DeAndre Jordan,BKN,32,11-Jun,265,Texas A&M,USA,2008,2,35,53,7.7,7.5,1.7,-0.7,9.40%,22.90%,12.60%,75.30%,10.00%
De'Anthony Melton,MEM,22,2-Jun,200,Southern California,USA,2018,2,46,40,10.1,3.2,2.7,9.3,3.00%,11.80%,19.50%,59.50%,17.90%
De'Andre Hunter,ATL,23,8-Jun,225,Virginia,USA,2019,1,4,20,16,5.1,2.1,4.6,2.50%,12.60%,18.80%,62.50%,10.30%
De'Aaron Fox,SAC,23,3-Jun,185,Kentucky,USA,2017,1,5,58,25.2,3.5,7.2,-4.5,1.60%,8.50%,30.40%,56.50%,32.60%
Davis Bertans,WAS,28,10-Jun,225,None,Latvia,2011,2,42,46,11.6,3.1,0.9,1.2,1.30%,10.10%,15.10%,63.20%,4.60%
David Nwaba,HOU,28,5-Jun,219,Cal Poly-Obispo,USA,Undrafted,Undrafted,Undrafted,30,9.2,3.9,1,-1.3,5.50%,10.80%,16.30%,55.70%,7.00%
Darius Miller,OKC,31,6-Jun,225,Kentucky,USA,2012,2,46,18,4.1,1.3,1.2,7.2,1.10%,10.30%,12.70%,68.50%,15.10%
Darius Garland,CLE,21,1-Jun,192,Vanderbilt,USA,2019,1,5,51,17.7,2.5,6.2,-7,1.40%,6.20%,24.40%,55.00%,29.70%
Darius Bazley,OKC,20,8-Jun,208,None,USA,2019,1,23,45,13.2,7.4,1.6,-10.7,2.20%,20.20%,20.80%,49.80%,7.70%
Dario Saric,PHX,27,10-Jun,225,None,Croatia,2014,1,12,41,9.1,4,1.3,12.4,5.60%,17.10%,22.50%,56.80%,11.00%
Danuel House Jr.,HOU,27,6-Jun,220,Texas A&M,USA,Undrafted,Undrafted,Undrafted,32,9.1,3.8,1.8,-12.6,1.90%,12.00%,15.00%,53.30%,10.30%
Dante Exum,HOU,25,5-Jun,214,None,Australia,2014,1,5,6,3.8,2.8,2.2,3.6,1.50%,12.90%,11.90%,42.80%,15.50%
Danny Green,PHI,33,6-Jun,215,North Carolina,USA,2009,2,46,59,9.6,3.7,1.7,5.4,3.10%,9.70%,13.60%,59.30%,8.10%
Danilo Gallinari,ATL,32,10-Jun,233,None,Italy,2008,1,6,42,13.5,4,1.4,5.3,1.40%,15.30%,21.60%,61.50%,9.40%
Daniel Theis,CHI,29,8-Jun,245,None,Germany,Undrafted,Undrafted,Undrafted,58,9.6,5.3,1.7,0.1,5.40%,16.20%,15.40%,61.50%,10.20%
Daniel Oturu,LAC,21,8-Jun,240,Minnesota,USA,2020,2,33,24,1.5,1.2,0.3,-1.9,10.40%,17.00%,15.80%,55.50%,11.50%
Daniel Gafford,WAS,22,10-Jun,234,Arkansas,USA,2019,2,38,43,6.4,4.1,0.5,2.8,11.30%,16.10%,15.90%,68.10%,5.50%
Damyean Dotson,CLE,26,5-Jun,210,Houston,USA,2017,2,44,36,6.6,2.1,2.1,-10.1,0.70%,10.10%,16.80%,48.80%,17.80%
Damion Lee,GSW,28,5-Jun,210,Louisville,USA,Undrafted,Undrafted,Undrafted,57,6.5,3.2,1.3,1.6,2.00%,14.20%,12.70%,63.60%,9.40%
Damian Lillard,POR,30,2-Jun,195,Weber State,USA,2012,1,6,55,28.4,4.2,7.5,1.3,1.30%,10.30%,31.00%,60.40%,33.70%
Damian Jones,SAC,25,11-Jun,245,Vanderbilt,USA,2016,1,30,28,3.1,2.4,0.3,-4.9,7.80%,14.40%,11.10%,72.70%,4.30%
Dakota Mathias,PHI,25,4-Jun,200,Purdue,USA,2018,,,8,6,0.9,1.6,-10.6,0.70%,4.10%,16.60%,47.40%,15.70%
DaQuan Jeffries,HOU,23,5-Jun,230,Tulsa,USA,Undrafted,Undrafted,Undrafted,24,3.1,1.8,0.4,2.2,3.90%,8.80%,11.30%,48.00%,3.70%
D.J. Wilson,HOU,25,10-Jun,231,Michigan,USA,2017,1,17,32,4.9,2.9,0.6,-11.5,3.70%,19.30%,20.00%,51.20%,8.70%
D.J. Augustin,HOU,33,11-May,183,Texas-Austin,USA,2008,1,9,51,7,1.6,3.3,1.1,1.80%,6.20%,15.70%,55.90%,22.20%
D'Angelo Russell,MIN,25,4-Jun,193,Ohio State,USA,2015,1,2,32,19.5,2.5,5.2,-12,1.20%,7.50%,29.30%,57.50%,31.20%
Cristiano Felicio,CHI,28,11-Jun,270,None,Brazil,Undrafted,Undrafted,Undrafted,13,1.1,1.1,0.6,2.5,9.50%,15.70%,11.00%,61.40%,22.90%
Cory Joseph,DET,29,3-Jun,200,Texas-Austin,Canada,2011,1,29,60,8,2.5,3.2,-5.5,2.40%,8.40%,15.60%,55.90%,19.70%
Collin Sexton,CLE,22,1-Jun,190,Alabama,USA,2018,1,8,50,24.5,3,4.1,-7.6,2.40%,6.30%,28.00%,58.10%,20.30%
Cole Anthony,ORL,20,2-Jun,185,North Carolina,USA,2020,1,15,36,11.8,4.5,4.4,-11.8,2.80%,13.90%,22.10%,48.00%,25.60%
Cody Zeller,CHA,28,11-Jun,240,Indiana,USA,2013,1,4,38,8.9,6.9,1.9,1.7,12.40%,20.80%,17.40%,58.50%,13.10%
Cody Martin,CHA,25,5-Jun,205,Nevada-Reno,USA,2019,2,36,48,4,2.9,1.6,0.5,5.50%,12.20%,12.20%,51.30%,14.10%
Coby White,CHI,21,5-Jun,195,North Carolina,USA,2019,1,7,58,14.8,4.1,4.6,-2.2,1.30%,11.80%,21.90%,53.70%,21.20%
Clint Capela,ATL,26,10-Jun,240,None,Switzerland,2014,1,25,54,15.5,14.7,0.8,6.5,15.50%,30.60%,19.40%,60.40%,4.20%
Chuma Okeke,ORL,22,6-Jun,229,Auburn,USA,2019,1,16,44,7.5,4,2.2,-7.6,3.40%,11.80%,14.00%,50.30%,13.10%
Christian Wood,HOU,25,10-Jun,214,UNLV,USA,Undrafted,Undrafted,Undrafted,37,21,9.5,1.5,-2.8,5.50%,22.60%,25.60%,59.70%,7.90%
Chris Silva,SAC,24,8-Jun,234,South Carolina,Gabon,Undrafted,Undrafted,Undrafted,15,2.1,1.8,0.4,-0.5,8.20%,21.70%,15.10%,70.80%,10.20%
Chris Paul,PHX,35,Jun-00,175,Wake Forest,USA,2005,1,4,60,16.1,4.7,8.7,6.4,1.30%,13.30%,21.60%,58.80%,39.00%
Chris Chiozza,BKN,25,11-May,175,Florida,USA,Undrafted,Undrafted,Undrafted,22,4,1.1,3,3,1.20%,8.80%,20.00%,46.10%,38.20%
Chris Boucher,TOR,28,9-Jun,200,Oregon,Saint Lucia,Undrafted,Undrafted,Undrafted,59,13.6,6.7,1.1,4.3,8.00%,19.10%,20.20%,63.90%,7.00%
Chimezie Metu,SAC,24,9-Jun,225,Southern California,USA,2018,2,49,28,5.1,2.5,0.6,-9,9.10%,17.20%,20.00%,59.60%,9.00%
Chasson Randle,ORL,28,2-Jun,185,Stanford,USA,2015,,,30,5.7,1.7,1.9,-16.8,0.50%,8.30%,14.60%,51.90%,15.40%
Charlie Brown Jr.,OKC,24,6-Jun,199,St. Joseph's (PA),USA,Undrafted,Undrafted,Undrafted,1,5,0,0,14.8,0.00%,0.00%,15.60%,51.20%,0.00%
Chandler Hutchison,WAS,25,6-Jun,210,Boise State,USA,2018,1,22,14,3.8,3.4,0.6,-3.3,2.10%,21.00%,16.20%,43.60%,6.10%
Cedi Osman,CLE,26,7-Jun,230,None,Turkey,2015,2,31,51,9.6,3.3,2.7,-10.4,2.40%,11.40%,19.30%,47.50%,16.00%
Cassius Winston,WAS,23,1-Jun,185,Michigan State,USA,2020,2,53,18,2.2,0.5,0.6,-18.4,0.00%,9.10%,16.70%,58.00%,21.60%
Cassius Stanley,IND,21,5-Jun,190,Duke,USA,2020,2,54,17,1.1,0.6,0,-1,7.60%,12.80%,20.60%,37.70%,0.00%
Carsen Edwards,BOS,23,11-May,200,Purdue,USA,2019,2,33,25,3.9,0.9,0.4,-7.3,1.40%,8.80%,18.50%,54.50%,7.80%
Carmelo Anthony,POR,36,7-Jun,238,Syracuse,USA,2003,1,3,59,13.5,3.2,1.5,-4.1,1.80%,10.80%,23.30%,53.30%,10.20%
Caris LeVert,IND,26,6-Jun,205,Michigan,USA,2016,1,20,36,18.7,4.5,4.8,-1.1,2.50%,11.00%,26.90%,51.70%,24.30%
Cameron Reynolds,SAS,26,7-Jun,225,Tulane,USA,Undrafted,Undrafted,Undrafted,3,0.7,0,0,-32.4,0.00%,0.00%,13.30%,50.00%,0.00%
Cameron Payne,PHX,26,1-Jun,183,Murray State,USA,2015,1,14,50,7.3,2.3,3.6,7.2,1.50%,11.80%,18.60%,57.80%,28.90%
Cameron Johnson,PHX,25,8-Jun,210,North Carolina,USA,2019,1,11,55,9.9,3.2,1.5,5.8,2.20%,11.60%,16.40%,58.60%,8.70%
Cam Reddish,ATL,21,8-Jun,218,Duke,USA,2019,1,10,26,11.2,4,1.3,-4,2.80%,10.90%,18.30%,48.80%,6.60%
Caleb Martin,CHA,25,5-Jun,205,Nevada-Reno,USA,Undrafted,Undrafted,Undrafted,45,4.9,2.8,1.2,-5.9,4.10%,13.20%,16.90%,46.10%,12.30%
CJ McCollum,POR,29,3-Jun,190,Lehigh,USA,2013,1,10,35,23.3,4.2,4.8,3.1,1.90%,10.40%,27.10%,56.60%,22.90%
CJ Elleby,POR,20,6-Jun,200,Washington State,USA,2020,2,46,21,2.4,1,0.2,0.8,4.50%,7.70%,14.90%,47.40%,3.80%
Buddy Hield,SAC,28,4-Jun,220,Oklahoma,Bahamas,2016,1,6,60,16.7,4.5,3.2,-3.4,1.10%,12.20%,20.00%,57.00%,12.30%
Bryn Forbes,MIL,27,2-Jun,205,Michigan State,USA,Undrafted,Undrafted,Undrafted,59,9.5,1.4,0.6,2.4,0.90%,6.20%,18.00%,60.80%,4.40%
Bruno Fernando,ATL,22,9-Jun,240,Maryland,Angola,2019,2,34,28,1.3,2.3,0.3,-7.6,6.40%,26.30%,12.00%,50.10%,7.90%
Bruno Caboclo,HOU,25,9-Jun,218,None,Brazil,2014,1,20,6,2.8,2.3,0.2,2.3,6.40%,26.80%,23.20%,47.50%,4.80%
Bruce Brown,BKN,24,4-Jun,202,Miami,USA,2018,2,42,57,8.8,5.2,1.6,2.2,7.90%,14.90%,15.70%,59.70%,9.90%
Brook Lopez,MIL,33,Jul-00,282,Stanford,USA,2008,1,10,59,11.6,4.9,0.7,6.3,5.00%,11.90%,15.90%,60.10%,3.30%
Brodric Thomas,CLE,24,5-Jun,185,Truman State,USA,Undrafted,Undrafted,Undrafted,21,2.9,1,0.7,5.7,2.10%,8.30%,18.10%,46.10%,11.80%
Brian Bowen II,IND,22,6-Jun,190,None,USA,Undrafted,Undrafted,Undrafted,6,0.5,0.5,0,9.4,0.00%,15.80%,9.80%,33.80%,0.00%
Brandon Ingram,NOP,23,8-Jun,190,Duke,USA,2016,1,2,56,24.2,5,4.9,1.2,1.60%,12.70%,28.10%,59.00%,22.00%
Brandon Goodwin,ATL,25,Jun-00,180,Florida Gulf Coast,USA,Undrafted,Undrafted,Undrafted,43,5,1.5,2,-0.8,1.30%,9.50%,18.90%,47.70%,24.30%
Brandon Clarke,MEM,24,8-Jun,215,Gonzaga,Canada,2019,1,21,50,10.7,5.4,1.7,1.1,5.50%,15.70%,16.80%,55.90%,9.70%
Bradley Beal,WAS,27,3-Jun,207,Florida,USA,2012,1,3,52,31.4,4.8,4.6,-1.7,3.30%,9.80%,33.50%,59.60%,21.30%
Brad Wanamaker,CHA,31,3-Jun,210,Pittsburgh,USA,Undrafted,Undrafted,Undrafted,53,5.4,1.7,2.8,-5.6,1.30%,8.30%,17.20%,48.00%,25.60%
Bol Bol,DEN,21,2-Jul,220,Oregon,Sudan,2019,2,44,27,2.4,0.7,0.3,-23.4,0.00%,14.30%,20.40%,62.10%,8.50%
Bojan Bogdanovic,UTA,32,7-Jun,226,None,Croatia,2011,2,31,61,15.6,3.8,1.9,8.3,1.70%,9.80%,21.10%,57.10%,8.90%
Bogdan Bogdanovic,ATL,28,6-Jun,220,None,Serbia,2014,1,27,37,15.2,3.7,3.2,2.5,1.60%,10.90%,21.00%,59.20%,17.00%
Bobby Portis,MIL,26,10-Jun,250,Arkansas,USA,2015,1,22,56,11.5,7,1.1,7.1,8.00%,22.50%,19.80%,60.60%,7.30%
Boban Marjanovic,DAL,32,4-Jul,290,None,Serbia,Undrafted,Undrafted,Undrafted,25,5.1,4.2,0.3,8.7,16.50%,28.40%,24.00%,54.10%,5.00%
Blake Griffin,BKN,32,9-Jun,250,Oklahoma,USA,2009,1,1,35,11,4.9,3.3,0.2,2.00%,16.70%,18.90%,52.90%,18.20%
Bismack Biyombo,CHA,28,8-Jun,255,None,DRC,2011,1,7,54,5.2,5.3,1.3,-6.8,9.50%,14.80%,11.40%,56.70%,8.90%
Ben Simmons,PHI,24,11-Jun,240,Louisiana State,Australia,2016,1,1,49,14.8,7.6,7,7.2,5.10%,17.40%,20.60%,57.90%,30.80%
Ben McLemore,LAL,28,3-Jun,195,Kansas,USA,2013,1,7,42,7.9,2,0.8,-4.3,1.80%,9.00%,19.50%,52.90%,7.00%
Bam Adebayo,MIA,23,9-Jun,255,Kentucky,USA,2017,1,14,55,19.1,9.1,5.3,0.5,7.10%,20.30%,23.80%,62.60%,26.70%
Axel Toupane,MIL,28,7-Jun,210,None,France,Undrafted,Undrafted,Undrafted,8,1.8,0.8,0.5,-2.2,0.00%,8.20%,9.20%,49.70%,9.80%
Avery Bradley,HOU,30,3-Jun,180,Texas-Austin,USA,2010,1,19,24,6.7,2.2,1.8,-9.1,1.30%,8.30%,14.80%,50.10%,11.30%
Austin Rivers,DEN,28,4-Jun,200,Duke,USA,2012,1,10,25,7.2,2.3,2,-5,1.10%,9.40%,15.50%,53.90%,14.10%
Ashton Hagans,MIN,21,3-Jun,190,Kentucky,USA,Undrafted,Undrafted,Undrafted,2,0,0,0,-21.8,0.00%,0.00%,8.30%,0.00%,0.00%
Aron Baynes,TOR,34,10-Jun,260,Washington State,Australia,Undrafted,Undrafted,Undrafted,50,5.8,5.1,0.9,-5.1,8.40%,19.30%,15.70%,48.90%,6.90%
Armoni Brooks,HOU,22,3-Jun,195,Houston,USA,2019,,,9,8.3,4,1.4,-17.4,2.10%,14.60%,16.60%,52.70%,10.20%
Anzejs Pasecniks,WAS,25,1-Jul,229,None,Latvia,2017,1,25,1,0,1,1,-104.4,14.30%,0.00%,37.50%,0.00%,33.30%
Anthony Tolliver,PHI,35,8-Jun,240,Creighton,USA,Undrafted,Undrafted,Undrafted,4,1.5,2,0.5,5.5,4.40%,7.70%,8.90%,29.10%,4.80%
Anthony Lamb,HOU,23,6-Jun,227,Vermont,USA,Undrafted,Undrafted,Undrafted,14,3.6,2.3,0.4,-9,7.20%,10.80%,15.60%,43.90%,5.60%
Anthony Gill,WAS,28,7-Jun,230,Virginia,USA,Undrafted,Undrafted,Undrafted,21,2.2,2,0.3,-13.4,9.20%,17.40%,13.40%,59.30%,6.90%
Anthony Edwards,MIN,19,4-Jun,225,Georgia,USA,2020,1,1,62,18.3,4.5,2.7,-6.9,2.30%,11.90%,26.50%,50.40%,13.40%
Anthony Davis,LAL,28,10-Jun,253,Kentucky,USA,2012,1,1,26,21.4,8,3,6.9,6.20%,19.20%,27.90%,56.90%,14.60%
Anfernee Simons,POR,21,3-Jun,181,None,USA,2018,1,24,52,7.8,2.2,1.4,-4.7,1.10%,11.70%,19.20%,58.50%,13.20%
Andrew Wiggins,GSW,26,7-Jun,197,Kansas,Canada,2014,1,1,61,18,4.8,2.3,-1.2,3.10%,11.00%,22.50%,56.30%,10.90%
Andre Roberson,BKN,29,7-Jun,210,Colorado,USA,2013,1,26,5,1.2,3,0.8,-18.4,10.30%,13.60%,11.70%,20.20%,9.80%
Andre Iguodala,MIA,37,6-Jun,215,Arizona,USA,2004,1,9,54,4.6,3.6,2.2,-3.2,3.00%,13.50%,11.10%,51.90%,15.10%
Andre Drummond,LAL,27,10-Jun,279,Connecticut,USA,2012,1,9,35,15.7,12.6,2.3,-5.3,12.90%,35.10%,28.20%,50.80%,13.70%
Amir Coffey,LAC,23,7-Jun,210,Minnesota,USA,Undrafted,Undrafted,Undrafted,43,3.3,1,0.5,-1.6,2.30%,8.10%,14.60%,58.50%,9.00%
Amida Brimah,IND,27,10-Jun,230,Connecticut,USA,Undrafted,Undrafted,Undrafted,1,0,0,0,-10.3,0.00%,0.00%,6.70%,0.00%,0.00%
Alize Johnson,BKN,25,7-Jun,212,Missouri State,USA,2018,2,50,12,5.3,4.6,0.8,-4.3,12.30%,27.00%,18.10%,63.60%,10.70%
Alfonzo McKinnie,LAL,28,7-Jun,215,Wisconsin-Green Bay,USA,Undrafted,Undrafted,Undrafted,34,3,1.4,0.2,0.4,6.90%,11.80%,15.80%,61.20%,4.40%
Alex Len,WAS,27,Jul-00,250,Maryland,Ukraine,2013,1,5,53,6.7,3.9,0.8,-5,7.00%,17.00%,16.30%,66.10%,7.50%
Alex Caruso,LAL,27,4-Jun,186,Texas A&M,USA,Undrafted,Undrafted,Undrafted,51,5.9,2.9,2.5,6.6,2.40%,11.40%,13.50%,55.40%,17.40%
Alen Smailagic,GSW,20,10-Jun,215,None,Serbia,2019,2,39,9,1.7,0.8,0.2,-27,5.60%,11.10%,15.20%,50.80%,13.30%
Aleksej Pokusevski,OKC,19,Jul-00,190,None,Serbia,2020,1,17,38,7.5,4.6,2.1,-18.6,2.50%,15.50%,19.20%,41.70%,13.30%
Alec Burks,NYK,29,6-Jun,214,Colorado,USA,2011,1,12,44,12.6,4.5,2.2,5.9,1.60%,15.10%,20.40%,56.10%,13.30%
Al-Farouq Aminu,CHI,30,8-Jun,220,Wake Forest,USA,2010,1,8,20,4.8,5,1.5,-7.6,5.10%,20.20%,14.30%,47.30%,10.90%
Al Horford,OKC,34,9-Jun,240,Florida,Dominican Rep...,2007,1,3,28,14.2,6.7,3.4,-6.9,3.40%,19.50%,22.10%,53.80%,20.60%
Adam Mokoka,CHI,22,4-Jun,190,None,France,Undrafted,Undrafted,Undrafted,11,1.4,0.5,0.5,-11.5,1.90%,8.50%,15.90%,43.00%,19.20%
Abdel Nader,PHX,27,5-Jun,225,Iowa State,Egypt,2016,2,58,24,6.7,2.6,0.8,5,2.00%,15.10%,18.30%,60.50%,7.80%
Aaron Nesmith,BOS,21,5-Jun,215,Vanderbilt,USA,2020,1,14,35,3.4,2.2,0.4,1.7,3.50%,13.50%,12.60%,51.80%,4.00%
Aaron Holiday,IND,24,Jun-00,185,UCLA,USA,2018,1,23,58,7,1.2,1.6,-0.8,1.00%,5.90%,19.20%,49.90%,12.50%
Aaron Gordon,DEN,25,8-Jun,235,Arizona,USA,2014,1,4,41,13.2,5.9,3.5,2.4,5.30%,15.80%,21.30%,55.70%,17.90%
